"time","level","logger","message","stacktrace","exception.type","exception.message","exception.stacktrace"
"2022-01-29 21:16:22.0182","Error","JoinServerPipeline","Server rejected join request: You will need a VR headset to play","JoinServerPipeline.OnServerRejectedRequest() at :0
JoinServerPipeline+<>c__DisplayClass24_1.<HandleServerConnectionResponse>b__0() at :0
Alta.Networking.Socket.UpdateReceive() at :0
Alta.Networking.NetworkManager.Receive() at :0
UpdateModule.IterateOverLinkedList() at :0
UpdateModule.Update() at :0
UnityUpdateManager.Update() at :0","","",""
"2022-01-29 21:16:22.0182","Error","GameMode","Server rejected join: You will need a VR headset to play","JoinServerPipeline.OnServerRejectedRequest() at :0
JoinServerPipeline+<>c__DisplayClass24_1.<HandleServerConnectionResponse>b__0() at :0
Alta.Networking.Socket.UpdateReceive() at :0
Alta.Networking.NetworkManager.Receive() at :0
UpdateModule.IterateOverLinkedList() at :0
UpdateModule.Update() at :0
UnityUpdateManager.Update() at :0","","",""
"2022-01-29 21:16:22.5891","Error","ApplicationStartupManager","Couldnt find tutorial server to join","UnityEngine.UnitySynchronizationContext+WorkRequest.Invoke() at :0
UnityEngine.UnitySynchronizationContext.Exec() at :0
UnityEngine.UnitySynchronizationContext.ExecuteTasks() at :0","","",""
