"time","level","logger","message"
"2022-01-29 21:16:09.3861","Info","Debug","Loaded logging settings"
"2022-01-29 21:16:09.8615","Debug","VivoxClient","sip:.alta-att.1911362764.@mt1p.vivox.com"
"2022-01-29 21:16:09.8615","Debug","VivoxClient","https://mt1p.www.vivox.com/api2"
"2022-01-29 21:16:09.8615","Debug","VivoxClient","eyJhbGciOiJIUzI1NiIsInR5cCI6IkpXVCJ9.eyJpc3MiOiJhbHRhLWF0dCIsImV4cCI6MTY0MzUxNjQ2OSwidnhhIjoibG9naW4iLCJ2eGkiOjE5NDkwNDM4MywiZiI6InNpcDouYWx0YS1hdHQuMTkxMTM2Mjc2NC5AbXQxcC52aXZveC5jb20ifQ._ngM84r1XBisnxGXOFTzpySfSM30jhzEI1RxnrunQgE"
"2022-01-29 21:16:09.8635","Debug","VivoxClient","State"
"2022-01-29 21:16:09.8635","Debug","VivoxClient","LoggingIn"
"2022-01-29 21:16:10.5674","Info","GameModeManager","Attempting to activate game mode: JoinedServerGameMode"
"2022-01-29 21:16:10.5674","Warn","UnityLogHandler","Unhandled Unity Log: Worker thread pool size can be > 1 only for server platforms: Win, OSX or Linux"
"2022-01-29 21:16:10.5674","Info","Alta.Networking.NetworkManager","Created a Networking Socket, Port: 0 IsServer: False Channels: Alta.Networking.ConnectionChannel[] Default-Channel: Default Reliable (Alta.Networking.ConnectionChannel)"
"2022-01-29 21:16:10.5674","Debug","JoinServerPipeline","Getting the connection info for server: Altanis"
"2022-01-29 21:16:10.5885","Debug","Alta.WebApi.Client.RetryHandler","POST: https://967phuchye.execute-api.ap-southeast-2.amazonaws.com/prod/api/servers/1893039979/join"
"2022-01-29 21:16:11.6765","Debug","VivoxClient","State"
"2022-01-29 21:16:11.6765","Debug","VivoxClient","LoggedIn"
"2022-01-29 21:16:11.6765","Debug","VivoxUtility","Got response"
"2022-01-29 21:16:11.6765","Info","UnityLogHandler","Unhandled Unity Log: Successfully logged in to voice system."
"2022-01-29 21:16:11.7996","Debug","VivoxUtility","Got response"
"2022-01-29 21:16:11.9197","Debug","VivoxUtility","Got response"
"2022-01-29 21:16:11.9197","Info","VivoxClient","Input: {0.0.1.00000000}.{5cb8828a-a699-4b20-a84d-b0b6e9cfcb06} - FaceRig Virtual Microphone (DroidCam Virtual Audio)"
"2022-01-29 21:16:11.9197","Info","VivoxClient","Input: {0.0.1.00000000}.{ac67f4b6-3535-4cdb-826e-0fec269bf39f} - Microphone (USB2.0 Device)"
"2022-01-29 21:16:11.9197","Info","VivoxClient","Input: {0.0.1.00000000}.{b82bf14a-fe07-42ce-a077-9dd21a1e2286} - Microphone (High Definition Audio Device)"
"2022-01-29 21:16:11.9197","Info","VivoxClient","Input: {0.0.1.00000000}.{d003884a-9192-4342-9c06-8a2065a37e7d} - Headset Microphone (Oculus Virtual Audio Device)"
"2022-01-29 21:16:11.9197","Info","VivoxClient","Input: Default System Device - Default System Device"
"2022-01-29 21:16:11.9197","Info","VivoxClient","Input: Default Communication Device - Default Communication Device"
"2022-01-29 21:16:11.9197","Info","VivoxClient","Input: No Device - No Device"
"2022-01-29 21:16:11.9197","Info","VivoxClient","Output: {0.0.0.00000000}.{4814b127-3234-4f85-90e5-b3f0d5fe4f47} - Speakers (High Definition Audio Device)"
"2022-01-29 21:16:11.9197","Info","VivoxClient","Output: {0.0.0.00000000}.{7f970d35-753b-4b5a-a6e8-6f961c629773} - Speakers (USB2.0 Device)"
"2022-01-29 21:16:11.9197","Info","VivoxClient","Output: {0.0.0.00000000}.{a9d3e5a3-3f9e-4885-bcc0-a2896e8d07c2} - Digital Audio (S/PDIF) (High Definition Audio Device)"
"2022-01-29 21:16:11.9197","Info","VivoxClient","Output: {0.0.0.00000000}.{be4135f2-aef7-4a63-b791-25c8180d4c19} - 6 - Sceptre E24 (AMD High Definition Audio Device)"
"2022-01-29 21:16:11.9197","Info","VivoxClient","Output: {0.0.0.00000000}.{ce2b40be-d00d-4637-b568-e83eac76c6f6} - Headphones (Oculus Virtual Audio Device)"
"2022-01-29 21:16:11.9197","Info","VivoxClient","Output: {0.0.0.00000000}.{da1c0c25-36e4-4d5b-b9d0-1fd8ea094c2c} - 4 - Sceptre E24 (AMD High Definition Audio Device)"
"2022-01-29 21:16:11.9197","Info","VivoxClient","Output: Default System Device - Default System Device"
"2022-01-29 21:16:11.9197","Info","VivoxClient","Output: Default Communication Device - Default Communication Device"
"2022-01-29 21:16:11.9197","Info","VivoxClient","Output: No Device - No Device"
"2022-01-29 21:16:11.9197","Info","VivoxClient","Active Input: System Device - System Device"
"2022-01-29 21:16:11.9197","Info","VivoxClient","Active Output: System Device - System Device"
"2022-01-29 21:16:11.9197","Info","VivoxClient","Effective Input: {0.0.1.00000000}.{d003884a-9192-4342-9c06-8a2065a37e7d} - Headset Microphone (Oculus Virtual Audio Device)"
"2022-01-29 21:16:11.9197","Info","VivoxClient","Effective Output: {0.0.0.00000000}.{7f970d35-753b-4b5a-a6e8-6f961c629773} - Speakers (USB2.0 Device)"
"2022-01-29 21:16:12.6138","Debug","Alta.WebApi.Client.RetryHandler","GET: https://967phuchye.execute-api.ap-southeast-2.amazonaws.com/prod/api/Services/ip"
"2022-01-29 21:16:13.3172","Info","JoinServerPipeline","Requesting to join server. Name: Altanis. IP: 35.85.63.250:7624."
"2022-01-29 21:16:18.3930","Debug","Alta.Networking.ClientMessageReceiver","Connection Approved: 1"
"2022-01-29 21:16:18.3930","Info","JoinServerPipeline","Connected to the server successfully"
"2022-01-29 21:16:18.3990","Info","Alta.Static.ClientCacheManager","Checking for cache clean"
"2022-01-29 21:16:18.4460","Info","Alta.Static.ClientCacheManager","Cache at 45558760 of 200000000 bytes."
"2022-01-29 21:16:18.4460","Info","Alta.Static.ClientCacheManager","Cache doesn't require cleaning"
"2022-01-29 21:16:18.4460","Info","Alta.Static.ClientCacheManager","Client Cache Manager created"
"2022-01-29 21:16:22.0182","Error","JoinServerPipeline","Server rejected join request: You will need a VR headset to play"
"2022-01-29 21:16:22.0182","Debug","JoinServerPipeline","Got server response: JoinRejected"
"2022-01-29 21:16:22.0182","Error","GameMode","Server rejected join: You will need a VR headset to play"
"2022-01-29 21:16:22.0202","Info","Alta.Networking.NetworkManager","Terminating NetworkManager, Transport Started: True Number of Sockets: 1"
"2022-01-29 21:16:22.0202","Debug","Alta.Networking.Connection","Disconnect sending from Client"
"2022-01-29 21:16:22.0202","Debug","Alta.Networking.Connection","Error Code: Ok"
"2022-01-29 21:16:22.0202","Info","GameModeManager","Game mode: JoinedServerGameMode was successfully started: False"
"2022-01-29 21:16:22.0202","Info","GameModeManager","Starting game mode took 11465.6576 ms"
"2022-01-29 21:16:22.0202","Info","ApplicationStartupManager","User has not completed the tutorial"
"2022-01-29 21:16:22.0373","Debug","Alta.WebApi.Client.RetryHandler","POST: https://967phuchye.execute-api.ap-southeast-2.amazonaws.com/prod/api/matchmaking"
"2022-01-29 21:16:22.5891","Error","ApplicationStartupManager","Couldnt find tutorial server to join"
"2022-01-29 21:16:22.6001","Info","AltaSceneManager","Loading MainMenu Scene: Main Menu VR"
"2022-01-29 21:16:23.0615","Warn","Unhandled","Renderer 'talum_LOD0' is registered with more than one LODGroup ('Talem Static' and 'Store Page Manager')."
"2022-01-29 21:16:23.0615","Warn","Unhandled","Renderer 'talum_LOD1' is registered with more than one LODGroup ('Talem Static' and 'Store Page Manager')."
"2022-01-29 21:16:23.0615","Warn","Unhandled","Renderer 'talum_LOD2' is registered with more than one LODGroup ('Talem Static' and 'Store Page Manager')."
"2022-01-29 21:16:23.0615","Warn","Unhandled","Renderer 'talum_LOD0' is registered with more than one LODGroup ('Talem Static' and 'Store Page Manager')."
"2022-01-29 21:16:23.0615","Warn","Unhandled","Renderer 'talum_LOD1' is registered with more than one LODGroup ('Talem Static' and 'Store Page Manager')."
"2022-01-29 21:16:23.0615","Warn","Unhandled","Renderer 'talum_LOD2' is registered with more than one LODGroup ('Talem Static' and 'Store Page Manager')."
"2022-01-29 21:16:23.1696","Info","ListenerClaimer","VR Head (ears) (ListenerClaimer) - Listener Claimed: True"
"2022-01-29 21:16:23.2447","Info","Alta.Meta.UI.Window","Server Management Board (Alta.Meta.UI.Window) Panel switch to: Waiting for Login (Alta.Meta.UI.Panel)"
"2022-01-29 21:16:23.2447","Info","Alta.Meta.UI.Panel","Waiting for Login (Alta.Meta.UI.Panel) Set state: True"
"2022-01-29 21:16:23.2447","Info","Alta.Meta.UI.Window","Server Management Board (Alta.Meta.UI.Window) Finished panel switch to: Waiting for Login (Alta.Meta.UI.Panel)"
"2022-01-29 21:16:23.2447","Info","Alta.Meta.UI.Window","Server Management Board (Alta.Meta.UI.Window) Panel switch to: Server List (Alta.Meta.UI.Panel)"
"2022-01-29 21:16:23.2447","Info","Alta.Meta.UI.Panel","Waiting for Login (Alta.Meta.UI.Panel) Set state: False"
"2022-01-29 21:16:23.2447","Info","Alta.Meta.UI.Window","Friends Board (Alta.Meta.UI.Window) Panel switch to: Waiting for Login (Alta.Meta.UI.Panel)"
"2022-01-29 21:16:23.2447","Info","Alta.Meta.UI.Panel","Waiting for Login (Alta.Meta.UI.Panel) Set state: True"
"2022-01-29 21:16:23.2447","Info","Alta.Meta.UI.Window","Friends Board (Alta.Meta.UI.Window) Finished panel switch to: Waiting for Login (Alta.Meta.UI.Panel)"
"2022-01-29 21:16:23.2447","Info","Alta.Meta.UI.Window","Friends Board (Alta.Meta.UI.Window) Panel switch to: Main Panel (Alta.Meta.UI.TabbedPanel)"
"2022-01-29 21:16:23.2447","Info","Alta.Meta.UI.Panel","Waiting for Login (Alta.Meta.UI.Panel) Set state: False"
"2022-01-29 21:16:23.2603","Info","Alta.Meta.UI.Window","Mail Board (Alta.Meta.UI.Window) Panel switch to: Waiting for Login (Alta.Meta.UI.Panel)"
"2022-01-29 21:16:23.2603","Info","Alta.Meta.UI.Panel","Waiting for Login (Alta.Meta.UI.Panel) Set state: True"
"2022-01-29 21:16:23.2603","Info","Alta.Meta.UI.Window","Mail Board (Alta.Meta.UI.Window) Finished panel switch to: Waiting for Login (Alta.Meta.UI.Panel)"
"2022-01-29 21:16:23.2603","Info","Alta.Meta.UI.Window","Mail Board (Alta.Meta.UI.Window) Panel switch to: Main Page (Alta.Meta.UI.Panel)"
"2022-01-29 21:16:23.2603","Info","Alta.Meta.UI.Panel","Waiting for Login (Alta.Meta.UI.Panel) Set state: False"
"2022-01-29 21:16:23.2812","Info","AltaSceneManager","Loaded MainMenu Scene: Main Menu VR and setting active"
"2022-01-29 21:16:23.2812","Debug","Alta.WebApi.Client.RetryHandler","GET: https://967phuchye.execute-api.ap-southeast-2.amazonaws.com/prod/api/Shop/Account/items"
"2022-01-29 21:16:23.2812","Debug","Alta.WebApi.Client.RetryHandler","GET: https://967phuchye.execute-api.ap-southeast-2.amazonaws.com/prod/api/Shop/items/me"
"2022-01-29 21:16:23.2812","Debug","Alta.WebApi.Client.RetryHandler","GET: https://967phuchye.execute-api.ap-southeast-2.amazonaws.com/prod/api/servers/joined"
"2022-01-29 21:16:23.2812","Debug","Alta.WebApi.Client.RetryHandler","GET: https://967phuchye.execute-api.ap-southeast-2.amazonaws.com/prod/api/Users/me/presets"
"2022-01-29 21:16:23.3843","Info","Alta.Meta.UI.Panel","Waiting for Login (Alta.Meta.UI.Panel) Finished SetState animation state: True"
"2022-01-29 21:16:23.3843","Info","Alta.Meta.UI.Panel","Server List (Alta.Meta.UI.Panel) Set state: True"
"2022-01-29 21:16:23.3843","Info","Alta.Meta.UI.Window","Server Management Board (Alta.Meta.UI.Window) Finished panel switch to: Server List (Alta.Meta.UI.Panel)"
"2022-01-29 21:16:23.3843","Info","Alta.Meta.UI.Panel","Waiting for Login (Alta.Meta.UI.Panel) Finished SetState animation state: False"
"2022-01-29 21:16:23.3843","Info","Alta.Meta.UI.Panel","Waiting for Login (Alta.Meta.UI.Panel) Finished SetState animation state: True"
"2022-01-29 21:16:23.3843","Info","Alta.Meta.UI.Panel","Main Panel (Alta.Meta.UI.TabbedPanel) Set state: True"
"2022-01-29 21:16:23.3843","Info","Alta.Meta.UI.Window","Friends Board (Alta.Meta.UI.Window) Finished panel switch to: Main Panel (Alta.Meta.UI.TabbedPanel)"
"2022-01-29 21:16:23.3843","Info","Alta.Meta.UI.Panel","Waiting for Login (Alta.Meta.UI.Panel) Finished SetState animation state: False"
"2022-01-29 21:16:23.3843","Info","Alta.Meta.UI.Panel","Waiting for Login (Alta.Meta.UI.Panel) Finished SetState animation state: True"
"2022-01-29 21:16:23.3843","Info","Alta.Meta.UI.Panel","Main Page (Alta.Meta.UI.Panel) Set state: True"
"2022-01-29 21:16:23.3843","Info","Alta.Meta.UI.Window","Mail Board (Alta.Meta.UI.Window) Finished panel switch to: Main Page (Alta.Meta.UI.Panel)"
"2022-01-29 21:16:23.3843","Info","Alta.Meta.UI.Panel","Waiting for Login (Alta.Meta.UI.Panel) Finished SetState animation state: False"
"2022-01-29 21:16:23.4444","Debug","Alta.Meta.UI.PanelComponent","Server List (Alta.Meta.UI.ServerManagement.JoinedGroupsList) - Refreshing Data"
"2022-01-29 21:16:23.4444","Info","Alta.Meta.UI.Panel","Server List (Alta.Meta.UI.Panel) Finished SetState animation state: True"
"2022-01-29 21:16:23.4444","Info","Alta.Meta.UI.Panel","Friends Panel (Alta.Meta.UI.Tab) Set state: True"
"2022-01-29 21:16:23.4444","Debug","Alta.Meta.UI.PanelComponent","Friends Panel (Alta.Meta.UI.ServerManagement.FriendsListPanel) - Refreshing Data"
"2022-01-29 21:16:23.4444","Info","Alta.Meta.UI.Panel","Main Panel (Alta.Meta.UI.TabbedPanel) Finished SetState animation state: True"
"2022-01-29 21:16:23.4444","Debug","Alta.Meta.UI.PanelComponent","Main Page (Alta.Meta.UI.ServerManagement.InboxPanel) - Refreshing Data"
"2022-01-29 21:16:23.4624","Info","Alta.Meta.UI.Panel","Main Page (Alta.Meta.UI.Panel) Finished SetState animation state: True"
"2022-01-29 21:16:23.4624","Debug","Alta.WebApi.Client.RetryHandler","GET: https://967phuchye.execute-api.ap-southeast-2.amazonaws.com/prod/api/groups/joined?limit=20"
"2022-01-29 21:16:23.4624","Debug","Alta.WebApi.Client.RetryHandler","GET: https://967phuchye.execute-api.ap-southeast-2.amazonaws.com/prod/api/Friends?limit=20"
"2022-01-29 21:16:23.4624","Debug","Alta.WebApi.Client.RetryHandler","GET: https://967phuchye.execute-api.ap-southeast-2.amazonaws.com/prod/api/groups/invites?limit=20"
"2022-01-29 21:16:24.2061","Warn","Alta.Customization.ShopConfigUtility","Shop admin but defaulting to live store rotation"
"2022-01-29 21:16:24.2071","Debug","Alta.WebApi.Client.RetryHandler","GET: https://967phuchye.execute-api.ap-southeast-2.amazonaws.com/prod/api/Shop/config"
"2022-01-29 21:16:27.1228","Debug","Alta.WebApi.Client.RetryHandler","GET: https://967phuchye.execute-api.ap-southeast-2.amazonaws.com/prod/api/Shop/Account"
"2022-01-29 21:16:27.3440","Debug","Alta.WebApi.Client.RetryHandler","GET: https://967phuchye.execute-api.ap-southeast-2.amazonaws.com/prod/api/Friends/requests?limit=20"
"2022-01-29 21:16:30.4008","Info","Debug","Packing character. Is head separate: False"
"2022-01-29 21:16:30.4478","Info","Debug","Packing character. Is head separate: False"
"2022-01-29 21:16:45.4570","Info","ApplicationManager","Shutting down"
"2022-01-29 21:16:45.4570","Warn","GameModeManager","There is no active game mode"
"2022-01-29 21:16:45.4570","Warn","PlayerPreferences","Trying to save player prefs to disk but nothing new has been added since the last save"
"2022-01-29 21:16:45.4570","Info","ApplicationManager","Application Quit - HasShutdown events: True"
