"time","level","logger","message"
"2022-01-29 21:16:08.4422","Info","Debug","Loaded logging settings"
"2022-01-29 21:16:08.4572","Debug","PlayerPreferences","Loading player prefs from disk at C:\Users\avand\AppData\Roaming\A Township Tale\player.prefs"
"2022-01-29 21:16:08.4812","Info","Debug","Version: main-0.0.78.16"
"2022-01-29 21:16:08.7054","Error","UnityLogHandler","Unhandled Unity Log: Failed to load settings at index 10"
"2022-01-29 21:16:08.7084","Error","UnityLogHandler","Unhandled Exception: "
"2022-01-29 21:16:08.7965","Info","Debug","Current VR Mode: "
"2022-01-29 21:16:08.8316","Info","ApplicationManager","Version: main-0.0.78.16
VR Mode: Fly
CMD Line:""E:\A Township Tale\A Township Tale.exe"" -vrmode Oculus /access_token * /refresh_token * /identity_token *  /join_server 1893039979
System Stats: 
DeviceModel: MS-7B79 (Micro-Star International Co., Ltd.)
DeviceName: DESKTOP-GINPF9M
DeviceType: Desktop
DeviceUniqueIdentifier: 0b974309e440ae56b19847445e4836ecdf6bc5cb
GraphicsDeviceID: 26591
GraphicsDeviceName: Radeon RX 580 Series
GraphicsDeviceType: Direct3D11
GraphicsDeviceVendor: ATI
GraphicsDeviceVendorID: 4098
GraphicsDeviceVersion: Direct3D 11.0 [level 11.1]
GraphicsMemorySize: 8171
OperatingSystem: Windows 10  (10.0.0) 64bit
OperatingSystemFamily: Windows
ProcessorCount: 12
ProcessorFrequency: 3200
ProcessorType: AMD Ryzen 5 1600 Six-Core Processor 
SystemMemorySize: 32719
"
"2022-01-29 21:16:08.8336","Warn","UnityLogHandler","Unhandled Unity Log: Worker thread pool size can be > 1 only for server platforms: Win, OSX or Linux"
"2022-01-29 21:16:08.8486","Info","LoginManager","Logging in with Tokens from command line"
"2022-01-29 21:16:08.9377","Info","Alta.WebApi.Client.LowLevelApiClient","Updated Login Credentials, Started timer to automatically update them at 5/10/2022 3:15:32 AM"
"2022-01-29 21:16:08.9417","Debug","Alta.WebApi.Client.HighLevelApiClient","Logged in, creating user, server and launcher api clients"
"2022-01-29 21:16:08.9417","Info","MainMenuLogger","Logged in as: Maxaevaya"
"2022-01-29 21:16:08.9417","Debug","PlayerPreferences","Saving player prefs to disk"
"2022-01-29 21:16:08.9417","Debug","LoginManager","Storing updated login credentials"
"2022-01-29 21:16:08.9597","Info","SpotInstanceHandler","Checking to start spot instance interruption handling"
"2022-01-29 21:16:08.9897","Debug","Alta.WebApi.Client.RetryHandler","POST: https://967phuchye.execute-api.ap-southeast-2.amazonaws.com/prod/api/Analytics"
"2022-01-29 21:16:09.0217","Info","DiscordController","[DISCORD] Initializing API"
"2022-01-29 21:16:09.0467","Info","AudioManager","Wwise ready"
"2022-01-29 21:16:09.0467","Debug","Alta.Utilities.SettingsFileAccess`1[[Alta.Utilities.LauncherSettings, Assembly-CSharp, Version=0.0.39.2, Culture=neutral, PublicKeyToken=null]]","File LauncherSettings.json is being reloaded"
"2022-01-29 21:16:09.0467","Debug","Alta.Utilities.SettingsFileAccess`1[[Alta.Utilities.GameSettings, Assembly-CSharp, Version=0.0.39.2, Culture=neutral, PublicKeyToken=null]]","File GameConfiguration.json is being reloaded"
"2022-01-29 21:16:09.0508","Debug","Alta.WebApi.Client.RetryHandler","POST: https://967phuchye.execute-api.ap-southeast-2.amazonaws.com/prod/api/Voice/token"
"2022-01-29 21:16:09.0508","Debug","Alta.WebApi.Client.RetryHandler","GET: https://967phuchye.execute-api.ap-southeast-2.amazonaws.com/prod/api/servers/1893039979"
"2022-01-29 21:16:09.3600","Info","Debug","Loading Mods from: "
