"time","level","logger","message"
"2022-01-27 21:51:02.2346","Info","Debug","Loaded logging settings"
"2022-01-27 21:51:02.2506","Debug","PlayerPreferences","Loading player prefs from disk at C:\Users\avand\AppData\Roaming\A Township Tale\player.prefs"
"2022-01-27 21:51:02.2765","Info","Debug","Version: main-0.0.78.16"
"2022-01-27 21:51:02.5196","Error","UnityLogHandler","Unhandled Unity Log: Failed to load settings at index 10"
"2022-01-27 21:51:02.5196","Error","UnityLogHandler","Unhandled Exception: "
"2022-01-27 21:51:02.6013","Info","Debug","Current VR Mode: Oculus"
"2022-01-27 21:51:02.6567","Info","ApplicationManager","Version: main-0.0.78.16
VR Mode: Oculus
CMD Line:""E:\A Township Tale\A Township Tale.exe"" -vrmode Oculus /access_token * /refresh_token * /identity_token * 
System Stats: 
DeviceModel: MS-7B79 (Micro-Star International Co., Ltd.)
DeviceName: DESKTOP-GINPF9M
DeviceType: Desktop
DeviceUniqueIdentifier: 0b974309e440ae56b19847445e4836ecdf6bc5cb
GraphicsDeviceID: 26591
GraphicsDeviceName: Radeon RX 580 Series
GraphicsDeviceType: Direct3D11
GraphicsDeviceVendor: ATI
GraphicsDeviceVendorID: 4098
GraphicsDeviceVersion: Direct3D 11.0 [level 11.1]
GraphicsMemorySize: 8171
OperatingSystem: Windows 10  (10.0.0) 64bit
OperatingSystemFamily: Windows
ProcessorCount: 12
ProcessorFrequency: 3200
ProcessorType: AMD Ryzen 5 1600 Six-Core Processor 
SystemMemorySize: 32719
"
"2022-01-27 21:51:02.6567","Warn","UnityLogHandler","Unhandled Unity Log: Worker thread pool size can be > 1 only for server platforms: Win, OSX or Linux"
"2022-01-27 21:51:02.6748","Info","LoginManager","Logging in with Tokens from command line"
"2022-01-27 21:51:02.7703","Info","Alta.WebApi.Client.LowLevelApiClient","Updated Login Credentials, Started timer to automatically update them at 5/8/2022 3:50:55 AM"
"2022-01-27 21:51:02.7759","Debug","Alta.WebApi.Client.HighLevelApiClient","Logged in, creating user, server and launcher api clients"
"2022-01-27 21:51:02.7759","Info","MainMenuLogger","Logged in as: Maxaevaya"
"2022-01-27 21:51:02.7759","Debug","PlayerPreferences","Saving player prefs to disk"
"2022-01-27 21:51:02.7759","Debug","LoginManager","Storing updated login credentials"
"2022-01-27 21:51:02.7960","Info","SpotInstanceHandler","Checking to start spot instance interruption handling"
"2022-01-27 21:51:02.7960","Info","ApplicationStartupManager","User has not completed the tutorial"
"2022-01-27 21:51:02.8320","Debug","Alta.WebApi.Client.RetryHandler","POST: https://967phuchye.execute-api.ap-southeast-2.amazonaws.com/prod/api/Analytics"
"2022-01-27 21:51:02.8656","Info","DiscordController","[DISCORD] Initializing API"
"2022-01-27 21:51:02.8708","Error","DiscordController","Failed to Start the discord controller"
"2022-01-27 21:51:02.8708","Info","AudioManager","Wwise ready"
"2022-01-27 21:51:02.8827","Debug","Alta.Utilities.SettingsFileAccess`1[[Alta.Utilities.LauncherSettings, Assembly-CSharp, Version=0.0.39.2, Culture=neutral, PublicKeyToken=null]]","File LauncherSettings.json is being reloaded"
"2022-01-27 21:51:02.8827","Debug","Alta.Utilities.SettingsFileAccess`1[[Alta.Utilities.GameSettings, Assembly-CSharp, Version=0.0.39.2, Culture=neutral, PublicKeyToken=null]]","File GameConfiguration.json is being reloaded"
"2022-01-27 21:51:02.8827","Debug","Alta.WebApi.Client.RetryHandler","POST: https://967phuchye.execute-api.ap-southeast-2.amazonaws.com/prod/api/Voice/token"
"2022-01-27 21:51:02.8827","Debug","Alta.WebApi.Client.RetryHandler","POST: https://967phuchye.execute-api.ap-southeast-2.amazonaws.com/prod/api/matchmaking"
"2022-01-27 21:51:03.1389","Info","Debug","Loading Mods from: "
