"time","level","logger","message","stacktrace","exception.type","exception.message","exception.stacktrace"
"2022-01-29 19:25:28.5711","Error","UnityLogHandler","Unhandled Unity Log: Failed to load settings at index 10","UnityLogHandler.LogFormat() at :0
UnityEngine.Logger.Log() at :0
UnityEngine.Debug.LogError() at :0
GlobalSettingsInitializer.Awake() at :0","","",""
"2022-01-29 19:25:28.5711","Error","UnityLogHandler","Unhandled Exception: ","UnityLogHandler.LogException() at :0
UnityEngine.Logger.LogException() at :0
UnityEngine.Debug.LogException() at :0
GlobalSettingsInitializer.Awake() at :0","System.NullReferenceException","Object reference not set to an instance of an object","  at GlobalSettingsInitializer.Awake () [0x00005] in <206528ef68c34ae7bc763d29ff3f0743>:0 "
"2022-01-29 19:25:28.8953","Error","DiscordController","Failed to Start the discord controller","DiscordController.Start() at :0","Discord.ResultException","InternalError","  at Discord.Discord..ctor (System.Int64 clientId, System.UInt64 flags) [0x00316] in <cd77c76437e84f6db820327afca49967>:0 
  at DiscordController.Start () [0x00055] in <cd77c76437e84f6db820327afca49967>:0 "
