"time","level","logger","message"
"2022-01-28 22:12:18.2007","Warn","AudioManager","Old sound enum still used for DockAddedTo on 38769 - Dock"
"2022-01-28 22:12:19.4677","Warn","AudioManager","Old sound enum still used for DockRemovedFrom on 38784 - Dock"
"2022-01-28 22:12:19.4677","Warn","AudioManager","Old sound enum still used for DockHoveredOver on 38784 - Dock"
"2022-01-28 22:12:21.3111","Warn","AudioManager","Old sound enum still used for DockRemovedFrom on 38769 - Dock"
"2022-01-28 22:12:21.3111","Warn","AudioManager","Old sound enum still used for DockHoveredOver on 38769 - Dock"
"2022-01-28 22:12:21.4120","Warn","UnityLogHandler","Unhandled Unity Log: RTP(0)rtp_parse: timestamp jump from 188600320 to 188599680"
"2022-01-28 22:12:22.3213","Warn","AudioManager","Old sound enum still used for DockHoveredOver on 38769 - Dock"
"2022-01-28 22:12:22.7443","Warn","AudioManager","Old sound enum still used for DockAddedTo on 38769 - Dock"
"2022-01-28 22:12:23.3257","Warn","AudioManager","Old sound enum still used for DockRemovedFrom on 38769 - Dock"
"2022-01-28 22:12:23.3257","Warn","AudioManager","Old sound enum still used for DockHoveredOver on 38769 - Dock"
"2022-01-28 22:12:26.1900","Warn","AudioManager","Old sound enum still used for PickUpLetGo on 5360 - Handle Medium Cool(Clone)"
"2022-01-28 22:12:26.2171","Warn","AudioManager","Old sound enum still used for PickUpGrabbed on 5360 - Handle Medium Cool(Clone)"
"2022-01-28 22:12:26.4114","Warn","UnityLogHandler","Unhandled Unity Log: RTP(0)rtp_parse: timestamp jump from 188760320 to 188760320"
"2022-01-28 22:12:27.9686","Warn","AudioManager","Old sound enum still used for PickUpLetGo on 37916 - Handle Medium Cool(Clone)"
"2022-01-28 22:12:28.3859","Warn","AudioManager","Old sound enum still used for PickUpGrabbed on 37916 - Handle Medium Cool(Clone)"
"2022-01-28 22:12:31.4314","Warn","UnityLogHandler","Unhandled Unity Log: RTP(0)rtp_parse: timestamp jump from 188920960 to 188920320"
"2022-01-28 22:12:36.4324","Warn","UnityLogHandler","Unhandled Unity Log: RTP(0)rtp_parse: timestamp jump from 189080960 to 189080960"
"2022-01-28 22:12:37.1957","Warn","AudioManager","Old sound enum still used for DockHoveredOver on 38784 - Dock"
"2022-01-28 22:12:37.4083","Warn","AudioManager","Old sound enum still used for DockHoveredOver on 9918 - Back Slot"
"2022-01-28 22:12:37.6669","Warn","AudioManager","Old sound enum still used for DockHoveredOver on 9918 - Back Slot"
"2022-01-28 22:12:37.8642","Warn","AudioManager","Old sound enum still used for DockHoveredOver on 9918 - Back Slot"
"2022-01-28 22:12:40.3685","Warn","AudioManager","Old sound enum still used for DockHoveredOver on 38769 - Dock"
"2022-01-28 22:12:40.3685","Warn","AudioManager","Old sound enum still used for DockHoveredOver on 38784 - Dock"
"2022-01-28 22:12:40.8183","Warn","AudioManager","Old sound enum still used for DockAddedTo on 38784 - Dock"
"2022-01-28 22:12:40.8465","Warn","AudioManager","Old sound enum still used for DockAddedTo on 38769 - Dock"
"2022-01-28 22:12:41.4512","Warn","UnityLogHandler","Unhandled Unity Log: RTP(0)rtp_parse: timestamp jump from 189241600 to 189240960"
"2022-01-28 22:12:42.7520","Warn","AudioManager","Old sound enum still used for DockRemovedFrom on 38784 - Dock"
"2022-01-28 22:12:42.7520","Warn","AudioManager","Old sound enum still used for DockHoveredOver on 38784 - Dock"
"2022-01-28 22:12:42.7674","Warn","AudioManager","Old sound enum still used for DockRemovedFrom on 38769 - Dock"
"2022-01-28 22:12:42.7674","Warn","AudioManager","Old sound enum still used for DockHoveredOver on 38769 - Dock"
"2022-01-28 22:12:44.7025","Warn","AudioManager","Old sound enum still used for PickUpLetGo on 5360 - Handle Medium Cool(Clone)"
"2022-01-28 22:12:46.4717","Warn","UnityLogHandler","Unhandled Unity Log: RTP(0)rtp_parse: timestamp jump from 189402240 to 189401600"
"2022-01-28 22:12:47.7899","Warn","AudioManager","Old sound enum still used for PickUpGrabbed on 5360 - Handle Medium Cool(Clone)"
"2022-01-28 22:12:48.2044","Warn","AudioManager","Old sound enum still used for DockHoveredOver on 38784 - Dock"
"2022-01-28 22:12:48.5387","Warn","AudioManager","Old sound enum still used for DockHoveredOver on 38769 - Dock"
"2022-01-28 22:12:49.1255","Warn","AudioManager","Old sound enum still used for DockAddedTo on 38784 - Dock"
"2022-01-28 22:12:49.1536","Warn","AudioManager","Old sound enum still used for DockAddedTo on 38769 - Dock"
"2022-01-28 22:12:49.8229","Warn","AudioManager","Old sound enum still used for DockRemovedFrom on 38784 - Dock"
"2022-01-28 22:12:49.8229","Warn","AudioManager","Old sound enum still used for DockHoveredOver on 38784 - Dock"
"2022-01-28 22:12:49.8520","Warn","AudioManager","Old sound enum still used for DockRemovedFrom on 38769 - Dock"
"2022-01-28 22:12:49.8566","Warn","AudioManager","Old sound enum still used for DockHoveredOver on 38769 - Dock"
"2022-01-28 22:12:51.3405","Warn","AudioManager","Old sound enum still used for PickUpLetGo on 5360 - Handle Medium Cool(Clone)"
"2022-01-28 22:12:51.4917","Warn","UnityLogHandler","Unhandled Unity Log: RTP(0)rtp_parse: timestamp jump from 189562880 to 189562240"
"2022-01-28 22:12:51.6270","Warn","AudioManager","Old sound enum still used for PickUpGrabbed on 5360 - Handle Medium Cool(Clone)"
"2022-01-28 22:12:52.8966","Warn","AudioManager","Old sound enum still used for PickUpLetGo on 5360 - Handle Medium Cool(Clone)"
"2022-01-28 22:12:55.4551","Warn","AudioManager","Old sound enum still used for DockHoveredOver on 38784 - Dock"
"2022-01-28 22:12:55.9592","Warn","AudioManager","Old sound enum still used for DockRemovedFrom on 9924 - Tool Slot Left"
"2022-01-28 22:12:55.9644","Warn","AudioManager","Old sound enum still used for DockHoveredOver on 9924 - Tool Slot Left"
"2022-01-28 22:12:56.3193","Warn","AudioManager","Old sound enum still used for PickUpLetGo on 10004 - Flashlight Lantern(Clone)"
"2022-01-28 22:12:56.4919","Warn","UnityLogHandler","Unhandled Unity Log: RTP(0)rtp_parse: timestamp jump from 189722880 to 189722880"
"2022-01-28 22:12:57.6298","Warn","AudioManager","Old sound enum still used for DockHoveredOver on 38784 - Dock"
"2022-01-28 22:12:58.0609","Warn","AudioManager","Old sound enum still used for PickUpGrabbed on 10004 - Flashlight Lantern(Clone)"
"2022-01-28 22:12:58.3656","Warn","AudioManager","Old sound enum still used for DockHoveredOver on 38784 - Dock"
"2022-01-28 22:12:58.6154","Warn","AudioManager","Old sound enum still used for DockHoveredOver on 9924 - Tool Slot Left"
"2022-01-28 22:12:58.6217","Warn","AudioManager","Old sound enum still used for DockAddedTo on 9924 - Tool Slot Left"
"2022-01-28 22:12:59.9818","Warn","AudioManager","Old sound enum still used for PickUpGrabbed on 5360 - Handle Medium Cool(Clone)"
"2022-01-28 22:13:00.2563","Warn","AudioManager","Old sound enum still used for DockHoveredOver on 38784 - Dock"
"2022-01-28 22:13:00.7022","Warn","AudioManager","Old sound enum still used for DockHoveredOver on 38769 - Dock"
"2022-01-28 22:13:01.3160","Warn","AudioManager","Old sound enum still used for DockAddedTo on 38769 - Dock"
"2022-01-28 22:13:01.3555","Warn","AudioManager","Old sound enum still used for DockAddedTo on 38784 - Dock"
"2022-01-28 22:13:01.4917","Warn","UnityLogHandler","Unhandled Unity Log: RTP(0)rtp_parse: timestamp jump from 189882880 to 189882880"
"2022-01-28 22:13:03.0799","Warn","AudioManager","Old sound enum still used for DockRemovedFrom on 38784 - Dock"
"2022-01-28 22:13:03.0799","Warn","AudioManager","Old sound enum still used for DockHoveredOver on 38784 - Dock"
"2022-01-28 22:13:03.1381","Warn","AudioManager","Old sound enum still used for DockRemovedFrom on 38769 - Dock"
"2022-01-28 22:13:03.1381","Warn","AudioManager","Old sound enum still used for DockHoveredOver on 38769 - Dock"
"2022-01-28 22:13:04.6930","Warn","AudioManager","Old sound enum still used for DockHoveredOver on 38769 - Dock"
"2022-01-28 22:13:04.9477","Warn","AudioManager","Old sound enum still used for DockAddedTo on 38769 - Dock"
"2022-01-28 22:13:05.6462","Warn","AudioManager","Old sound enum still used for DockRemovedFrom on 38769 - Dock"
"2022-01-28 22:13:05.6508","Warn","AudioManager","Old sound enum still used for DockHoveredOver on 38769 - Dock"
"2022-01-28 22:13:06.4918","Warn","UnityLogHandler","Unhandled Unity Log: RTP(0)rtp_parse: timestamp jump from 190042880 to 190042880"
"2022-01-28 22:13:07.4258","Warn","AudioManager","Old sound enum still used for PickUpLetGo on 5360 - Handle Medium Cool(Clone)"
"2022-01-28 22:13:07.9834","Warn","AudioManager","Old sound enum still used for PickUpGrabbed on 5360 - Handle Medium Cool(Clone)"
"2022-01-28 22:13:09.2589","Warn","AudioManager","Old sound enum still used for PickUpLetGo on 5360 - Handle Medium Cool(Clone)"
"2022-01-28 22:13:11.2551","Warn","AudioManager","Old sound enum still used for PickUpLetGo on 37916 - Handle Medium Cool(Clone)"
"2022-01-28 22:13:11.4911","Warn","UnityLogHandler","Unhandled Unity Log: RTP(0)rtp_parse: timestamp jump from 190202880 to 190202880"
"2022-01-28 22:13:14.5089","Warn","AudioManager","Old sound enum still used for PickUpGrabbed on 37916 - Handle Medium Cool(Clone)"
"2022-01-28 22:13:15.6201","Warn","AudioManager","Old sound enum still used for PickUpLetGo on 37916 - Handle Medium Cool(Clone)"
"2022-01-28 22:13:16.4917","Warn","UnityLogHandler","Unhandled Unity Log: RTP(0)rtp_parse: timestamp jump from 190362880 to 190362880"
"2022-01-28 22:13:19.4956","Warn","AudioManager","Old sound enum still used for PickUpGrabbed on 5360 - Handle Medium Cool(Clone)"
"2022-01-28 22:13:20.3853","Warn","AudioManager","Old sound enum still used for PickUpLetGo on 5360 - Handle Medium Cool(Clone)"
"2022-01-28 22:13:21.4345","Warn","AudioManager","Old sound enum still used for PickUpGrabbed on 5360 - Handle Medium Cool(Clone)"
"2022-01-28 22:13:21.5120","Warn","UnityLogHandler","Unhandled Unity Log: RTP(0)rtp_parse: timestamp jump from 190523520 to 190522880"
"2022-01-28 22:13:22.4787","Warn","AudioManager","Old sound enum still used for PickUpLetGo on 5360 - Handle Medium Cool(Clone)"
"2022-01-28 22:13:25.4344","Warn","AudioManager","Old sound enum still used for PickUpGrabbed on 5360 - Handle Medium Cool(Clone)"
"2022-01-28 22:13:26.4236","Warn","AudioManager","Old sound enum still used for PickUpLetGo on 5360 - Handle Medium Cool(Clone)"
"2022-01-28 22:13:26.5118","Warn","UnityLogHandler","Unhandled Unity Log: RTP(0)rtp_parse: timestamp jump from 190683520 to 190683520"
"2022-01-28 22:13:26.9801","Warn","AudioManager","Old sound enum still used for PickUpGrabbed on 5360 - Handle Medium Cool(Clone)"
"2022-01-28 22:13:28.0214","Warn","AudioManager","Old sound enum still used for PickUpLetGo on 5360 - Handle Medium Cool(Clone)"
"2022-01-28 22:13:29.0136","Warn","AudioManager","Old sound enum still used for PickUpGrabbed on 5360 - Handle Medium Cool(Clone)"
"2022-01-28 22:13:30.0822","Warn","AudioManager","Old sound enum still used for PickUpLetGo on 5360 - Handle Medium Cool(Clone)"
"2022-01-28 22:13:31.5122","Warn","UnityLogHandler","Unhandled Unity Log: RTP(0)rtp_parse: timestamp jump from 190843520 to 190843520"
"2022-01-28 22:13:34.4473","Warn","AudioManager","Old sound enum still used for PickUpGrabbed on 5360 - Handle Medium Cool(Clone)"
"2022-01-28 22:13:35.5604","Warn","AudioManager","Old sound enum still used for PickUpLetGo on 5360 - Handle Medium Cool(Clone)"
"2022-01-28 22:13:36.5326","Warn","UnityLogHandler","Unhandled Unity Log: RTP(0)rtp_parse: timestamp jump from 191003520 to 191003520"
"2022-01-28 22:13:37.3642","Warn","AudioManager","Old sound enum still used for PickUpGrabbed on 5360 - Handle Medium Cool(Clone)"
"2022-01-28 22:13:40.1926","Warn","AudioManager","Old sound enum still used for PickUpLetGo on 5360 - Handle Medium Cool(Clone)"
"2022-01-28 22:13:40.6106","Warn","AudioManager","Old sound enum still used for PickUpGrabbed on 5360 - Handle Medium Cool(Clone)"
"2022-01-28 22:13:41.5317","Warn","UnityLogHandler","Unhandled Unity Log: RTP(0)rtp_parse: timestamp jump from 191164160 to 191163520"
"2022-01-28 22:13:41.5317","Warn","AudioManager","Old sound enum still used for PickUpLetGo on 5360 - Handle Medium Cool(Clone)"
"2022-01-28 22:13:42.0567","Warn","AudioManager","Old sound enum still used for PickUpGrabbed on 5360 - Handle Medium Cool(Clone)"
"2022-01-28 22:13:43.2924","Warn","AudioManager","Old sound enum still used for PickUpGrabbed on 5360 - Handle Medium Cool(Clone)"
"2022-01-28 22:13:43.5027","Warn","AudioManager","Old sound enum still used for PickUpLetGo on 5360 - Handle Medium Cool(Clone)"
"2022-01-28 22:13:45.1305","Warn","AudioManager","Old sound enum still used for DockHoveredOver on 38769 - Dock"
"2022-01-28 22:13:45.6070","Warn","AudioManager","Old sound enum still used for PickUpGrabbed on 37916 - Handle Medium Cool(Clone)"
"2022-01-28 22:13:45.9393","Warn","AudioManager","Old sound enum still used for SwordClash on 37916 - Handle Medium Cool(Clone)"
"2022-01-28 22:13:46.0485","Warn","AudioManager","Old sound enum still used for DockHoveredOver on 38769 - Dock"
"2022-01-28 22:13:46.1598","Warn","AudioManager","Old sound enum still used for DockHoveredOver on 38784 - Dock"
"2022-01-28 22:13:46.4404","Warn","AudioManager","Old sound enum still used for DockAddedTo on 38784 - Dock"
"2022-01-28 22:13:46.5318","Warn","UnityLogHandler","Unhandled Unity Log: RTP(0)rtp_parse: timestamp jump from 191324160 to 191324160"
"2022-01-28 22:13:47.6355","Warn","AudioManager","Old sound enum still used for DockRemovedFrom on 38784 - Dock"
"2022-01-28 22:13:47.6355","Warn","AudioManager","Old sound enum still used for DockHoveredOver on 38784 - Dock"
"2022-01-28 22:13:49.8812","Warn","AudioManager","Old sound enum still used for PickUpLetGo on 37916 - Handle Medium Cool(Clone)"
"2022-01-28 22:13:50.3581","Warn","AudioManager","Old sound enum still used for PickUpGrabbed on 37916 - Handle Medium Cool(Clone)"
"2022-01-28 22:13:51.5317","Warn","UnityLogHandler","Unhandled Unity Log: RTP(0)rtp_parse: timestamp jump from 191484160 to 191484160"
"2022-01-28 22:13:54.4335","Warn","AudioManager","Old sound enum still used for DockHoveredOver on 38769 - Dock"
"2022-01-28 22:13:54.4335","Warn","AudioManager","Old sound enum still used for DockHoveredOver on 38784 - Dock"
"2022-01-28 22:13:55.1489","Warn","AudioManager","Old sound enum still used for DockAddedTo on 38784 - Dock"
"2022-01-28 22:13:55.1747","Warn","AudioManager","Old sound enum still used for DockAddedTo on 38769 - Dock"
"2022-01-28 22:13:56.4630","Warn","AudioManager","Old sound enum still used for DockRemovedFrom on 38769 - Dock"
"2022-01-28 22:13:56.4630","Warn","AudioManager","Old sound enum still used for DockHoveredOver on 38769 - Dock"
"2022-01-28 22:13:56.5519","Warn","UnityLogHandler","Unhandled Unity Log: RTP(0)rtp_parse: timestamp jump from 191644800 to 191644160"
"2022-01-28 22:13:57.7414","Warn","AudioManager","Old sound enum still used for PickUpLetGo on 5360 - Handle Medium Cool(Clone)"
"2022-01-28 22:14:01.5716","Warn","UnityLogHandler","Unhandled Unity Log: RTP(0)rtp_parse: timestamp jump from 191805440 to 191804800"
"2022-01-28 22:14:01.6050","Warn","AudioManager","Old sound enum still used for PickUpGrabbed on 5360 - Handle Medium Cool(Clone)"
"2022-01-28 22:14:02.1291","Warn","AudioManager","Old sound enum still used for DockHoveredOver on 38769 - Dock"
"2022-01-28 22:14:02.4648","Warn","AudioManager","Old sound enum still used for DockAddedTo on 38769 - Dock"
"2022-01-28 22:14:03.1304","Warn","AudioManager","Old sound enum still used for DockRemovedFrom on 38784 - Dock"
"2022-01-28 22:14:03.1355","Warn","AudioManager","Old sound enum still used for DockHoveredOver on 38784 - Dock"
"2022-01-28 22:14:03.1355","Warn","AudioManager","Old sound enum still used for DockRemovedFrom on 38769 - Dock"
"2022-01-28 22:14:03.1518","Warn","AudioManager","Old sound enum still used for DockHoveredOver on 38769 - Dock"
"2022-01-28 22:14:05.0981","Warn","AudioManager","Old sound enum still used for DockHoveredOver on 38769 - Dock"
"2022-01-28 22:14:05.4616","Warn","AudioManager","Old sound enum still used for DockAddedTo on 38769 - Dock"
"2022-01-28 22:14:06.5720","Warn","UnityLogHandler","Unhandled Unity Log: RTP(0)rtp_parse: timestamp jump from 191965440 to 191965440"
"2022-01-28 22:14:06.9898","Warn","AudioManager","Old sound enum still used for PickUpGrabbed on 37916 - Handle Medium Cool(Clone)"
"2022-01-28 22:14:07.4854","Warn","AudioManager","Old sound enum still used for PickUpLetGo on 37916 - Handle Medium Cool(Clone)"
"2022-01-28 22:14:08.0688","Warn","AudioManager","Old sound enum still used for DockRemovedFrom on 38769 - Dock"
"2022-01-28 22:14:08.0734","Warn","AudioManager","Old sound enum still used for DockHoveredOver on 38769 - Dock"
"2022-01-28 22:14:11.5710","Warn","UnityLogHandler","Unhandled Unity Log: RTP(0)rtp_parse: timestamp jump from 192125440 to 192125440"
"2022-01-28 22:14:11.6564","Warn","AudioManager","Old sound enum still used for PickUpLetGo on 5360 - Handle Medium Cool(Clone)"
"2022-01-28 22:14:12.7955","Warn","AudioManager","Old sound enum still used for PickUpGrabbed on 5360 - Handle Medium Cool(Clone)"
"2022-01-28 22:14:14.0457","Warn","AudioManager","Old sound enum still used for PickUpLetGo on 5360 - Handle Medium Cool(Clone)"
"2022-01-28 22:14:14.0722","Warn","AudioManager","Old sound enum still used for PickUpGrabbed on 5360 - Handle Medium Cool(Clone)"
"2022-01-28 22:14:16.5922","Warn","UnityLogHandler","Unhandled Unity Log: RTP(0)rtp_parse: timestamp jump from 192286080 to 192285440"
"2022-01-28 22:14:16.6535","Warn","AudioManager","Old sound enum still used for DockHoveredOver on 38784 - Dock"
"2022-01-28 22:14:16.6842","Warn","AudioManager","Old sound enum still used for SwordClash on 37916 - Handle Medium Cool(Clone)"
"2022-01-28 22:14:16.6842","Warn","AudioManager","Old sound enum still used for SwordClash on 5360 - Handle Medium Cool(Clone)"
"2022-01-28 22:14:18.3210","Warn","AudioManager","Old sound enum still used for DockHoveredOver on 38769 - Dock"
"2022-01-28 22:14:18.6819","Warn","AudioManager","Old sound enum still used for SwordClash on 5360 - Handle Medium Cool(Clone)"
"2022-01-28 22:14:21.0686","Warn","AudioManager","Old sound enum still used for DockHoveredOver on 38769 - Dock"
"2022-01-28 22:14:21.5923","Warn","UnityLogHandler","Unhandled Unity Log: RTP(0)rtp_parse: timestamp jump from 192446080 to 192446080"
"2022-01-28 22:14:22.4289","Warn","AudioManager","Old sound enum still used for DockHoveredOver on 38769 - Dock"
"2022-01-28 22:14:22.4289","Warn","AudioManager","Old sound enum still used for DockHoveredOver on 38784 - Dock"
"2022-01-28 22:14:22.7068","Warn","AudioManager","Old sound enum still used for DockHoveredOver on 38769 - Dock"
"2022-01-28 22:14:22.7068","Warn","AudioManager","Old sound enum still used for DockHoveredOver on 38784 - Dock"
"2022-01-28 22:14:23.6407","Warn","AudioManager","Old sound enum still used for DockAddedTo on 38784 - Dock"
"2022-01-28 22:14:23.6407","Warn","AudioManager","Old sound enum still used for DockAddedTo on 38769 - Dock"
"2022-01-28 22:14:24.9816","Warn","AudioManager","Old sound enum still used for DockRemovedFrom on 38769 - Dock"
"2022-01-28 22:14:24.9816","Warn","AudioManager","Old sound enum still used for DockHoveredOver on 38769 - Dock"
"2022-01-28 22:14:25.9823","Warn","AudioManager","Old sound enum still used for PickUpGrabbed on 37916 - Handle Medium Cool(Clone)"
"2022-01-28 22:14:26.1950","Warn","AudioManager","Old sound enum still used for PickUpLetGo on 37916 - Handle Medium Cool(Clone)"
"2022-01-28 22:14:26.6115","Warn","UnityLogHandler","Unhandled Unity Log: RTP(0)rtp_parse: timestamp jump from 192606720 to 192606080"
"2022-01-28 22:14:26.9791","Warn","AudioManager","Old sound enum still used for PickUpGrabbed on 37916 - Handle Medium Cool(Clone)"
"2022-01-28 22:14:27.3419","Warn","AudioManager","Old sound enum still used for PickUpLetGo on 37916 - Handle Medium Cool(Clone)"
"2022-01-28 22:14:28.3431","Warn","AudioManager","Old sound enum still used for DockRemovedFrom on 38784 - Dock"
"2022-01-28 22:14:28.3431","Warn","AudioManager","Old sound enum still used for DockHoveredOver on 38784 - Dock"
"2022-01-28 22:14:29.6216","Warn","AudioManager","Old sound enum still used for SwordClash on 37916 - Handle Medium Cool(Clone)"
"2022-01-28 22:14:30.7311","Warn","AudioManager","Old sound enum still used for PickUpLetGo on 5360 - Handle Medium Cool(Clone)"
"2022-01-28 22:14:31.2564","Warn","AudioManager","Old sound enum still used for PickUpGrabbed on 5360 - Handle Medium Cool(Clone)"
"2022-01-28 22:14:31.6318","Warn","UnityLogHandler","Unhandled Unity Log: RTP(0)rtp_parse: timestamp jump from 192767360 to 192766720"
"2022-01-28 22:14:36.2674","Warn","AudioManager","Old sound enum still used for DockHoveredOver on 38784 - Dock"
"2022-01-28 22:14:36.3096","Warn","AudioManager","Old sound enum still used for DockHoveredOver on 38769 - Dock"
"2022-01-28 22:14:36.6510","Warn","UnityLogHandler","Unhandled Unity Log: RTP(0)rtp_parse: timestamp jump from 192928000 to 192927360"
"2022-01-28 22:14:36.7381","Warn","AudioManager","Old sound enum still used for DockAddedTo on 38784 - Dock"
"2022-01-28 22:14:36.7551","Warn","AudioManager","Old sound enum still used for DockAddedTo on 38769 - Dock"
"2022-01-28 22:14:37.4189","Warn","AudioManager","Old sound enum still used for DockRemovedFrom on 38784 - Dock"
"2022-01-28 22:14:37.4189","Warn","AudioManager","Old sound enum still used for DockHoveredOver on 38784 - Dock"
"2022-01-28 22:14:37.4339","Warn","AudioManager","Old sound enum still used for DockRemovedFrom on 38769 - Dock"
"2022-01-28 22:14:37.4339","Warn","AudioManager","Old sound enum still used for DockHoveredOver on 38769 - Dock"
"2022-01-28 22:14:40.2729","Warn","AudioManager","Old sound enum still used for PickUpLetGo on 5360 - Handle Medium Cool(Clone)"
"2022-01-28 22:14:40.7759","Warn","AudioManager","Old sound enum still used for PickUpGrabbed on 5360 - Handle Medium Cool(Clone)"
"2022-01-28 22:14:41.6512","Warn","UnityLogHandler","Unhandled Unity Log: RTP(0)rtp_parse: timestamp jump from 193088000 to 193088000"
"2022-01-28 22:14:44.3333","Warn","AudioManager","Old sound enum still used for PickUpLetGo on 37916 - Handle Medium Cool(Clone)"
"2022-01-28 22:14:46.0550","Warn","AudioManager","Old sound enum still used for PickUpGrabbed on 37916 - Handle Medium Cool(Clone)"
"2022-01-28 22:14:46.6719","Warn","UnityLogHandler","Unhandled Unity Log: RTP(0)rtp_parse: timestamp jump from 193248640 to 193248000"
"2022-01-28 22:14:46.6945","Warn","AudioManager","Old sound enum still used for SwordClash on 37916 - Handle Medium Cool(Clone)"
"2022-01-28 22:14:47.1685","Warn","AudioManager","Old sound enum still used for SwordClash on 37916 - Handle Medium Cool(Clone)"
"2022-01-28 22:14:47.8360","Warn","AudioManager","Old sound enum still used for PickUpLetGo on 37916 - Handle Medium Cool(Clone)"
"2022-01-28 22:14:51.6728","Warn","UnityLogHandler","Unhandled Unity Log: RTP(0)rtp_parse: timestamp jump from 193408640 to 193408640"
"2022-01-28 22:14:52.5876","Warn","AudioManager","Old sound enum still used for PickUpGrabbed on 37916 - Handle Medium Cool(Clone)"
"2022-01-28 22:14:53.6399","Warn","AudioManager","Old sound enum still used for DockHoveredOver on 38769 - Dock"
"2022-01-28 22:14:53.6951","Warn","AudioManager","Old sound enum still used for DockHoveredOver on 38784 - Dock"
"2022-01-28 22:14:54.1696","Warn","AudioManager","Old sound enum still used for DockAddedTo on 38784 - Dock"
"2022-01-28 22:14:54.2263","Warn","AudioManager","Old sound enum still used for PickUpLetGo on 37916 - Handle Medium Cool(Clone)"
"2022-01-28 22:14:56.6919","Warn","UnityLogHandler","Unhandled Unity Log: RTP(0)rtp_parse: timestamp jump from 193569280 to 193568640"
"2022-01-28 22:14:56.7527","Warn","AudioManager","Old sound enum still used for PickUpGrabbed on 37916 - Handle Medium Cool(Clone)"
"2022-01-28 22:14:57.4540","Warn","AudioManager","Old sound enum still used for DockHoveredOver on 38769 - Dock"
"2022-01-28 22:14:57.7948","Warn","AudioManager","Old sound enum still used for DockAddedTo on 38769 - Dock"
"2022-01-28 22:14:58.4872","Warn","AudioManager","Old sound enum still used for DockRemovedFrom on 38769 - Dock"
"2022-01-28 22:14:58.4872","Warn","AudioManager","Old sound enum still used for DockHoveredOver on 38769 - Dock"
"2022-01-28 22:14:59.2584","Warn","AudioManager","Old sound enum still used for PickUpGrabbed on 37916 - Handle Medium Cool(Clone)"
"2022-01-28 22:14:59.5250","Warn","AudioManager","Old sound enum still used for PickUpLetGo on 37916 - Handle Medium Cool(Clone)"
"2022-01-28 22:15:00.1581","Warn","AudioManager","Old sound enum still used for PickUpGrabbed on 37916 - Handle Medium Cool(Clone)"
"2022-01-28 22:15:00.3792","Warn","AudioManager","Old sound enum still used for PickUpLetGo on 37916 - Handle Medium Cool(Clone)"
"2022-01-28 22:15:01.0510","Warn","AudioManager","Old sound enum still used for DockRemovedFrom on 38784 - Dock"
"2022-01-28 22:15:01.0510","Warn","AudioManager","Old sound enum still used for DockHoveredOver on 38784 - Dock"
"2022-01-28 22:15:01.6911","Warn","UnityLogHandler","Unhandled Unity Log: RTP(0)rtp_parse: timestamp jump from 193729280 to 193729280"
"2022-01-28 22:15:02.6589","Warn","AudioManager","Old sound enum still used for PickUpLetGo on 5360 - Handle Medium Cool(Clone)"
"2022-01-28 22:15:03.7729","Warn","AudioManager","Old sound enum still used for PickUpGrabbed on 37916 - Handle Medium Cool(Clone)"
"2022-01-28 22:15:04.0524","Warn","AudioManager","Old sound enum still used for PickUpLetGo on 37916 - Handle Medium Cool(Clone)"
"2022-01-28 22:15:06.6917","Warn","UnityLogHandler","Unhandled Unity Log: RTP(0)rtp_parse: timestamp jump from 193889280 to 193889280"
"2022-01-28 22:15:07.4975","Warn","AudioManager","Old sound enum still used for DockHoveredOver on 38769 - Dock"
"2022-01-28 22:15:08.2501","Warn","AudioManager","Old sound enum still used for PickUpGrabbed on 5360 - Handle Medium Cool(Clone)"
"2022-01-28 22:15:08.4969","Warn","AudioManager","Old sound enum still used for DockHoveredOver on 38769 - Dock"
"2022-01-28 22:15:08.7473","Warn","AudioManager","Old sound enum still used for DockHoveredOver on 38769 - Dock"
"2022-01-28 22:15:08.9133","Warn","AudioManager","Old sound enum still used for DockHoveredOver on 38784 - Dock"
"2022-01-28 22:15:09.2768","Warn","AudioManager","Old sound enum still used for DockAddedTo on 38784 - Dock"
"2022-01-28 22:15:09.8609","Warn","AudioManager","Old sound enum still used for DockRemovedFrom on 38784 - Dock"
"2022-01-28 22:15:09.8609","Warn","AudioManager","Old sound enum still used for DockHoveredOver on 38784 - Dock"
"2022-01-28 22:15:10.7484","Warn","AudioManager","Old sound enum still used for SwordClash on 37916 - Handle Medium Cool(Clone)"
"2022-01-28 22:15:11.4988","Warn","AudioManager","Old sound enum still used for PickUpLetGo on 5360 - Handle Medium Cool(Clone)"
"2022-01-28 22:15:11.7114","Warn","UnityLogHandler","Unhandled Unity Log: RTP(0)rtp_parse: timestamp jump from 194049920 to 194049280"
"2022-01-28 22:15:12.3039","Warn","AudioManager","Old sound enum still used for PickUpGrabbed on 5360 - Handle Medium Cool(Clone)"
"2022-01-28 22:15:16.7322","Warn","UnityLogHandler","Unhandled Unity Log: RTP(0)rtp_parse: timestamp jump from 194209920 to 194209920"
"2022-01-28 22:15:19.7334","Warn","AudioManager","Old sound enum still used for DockHoveredOver on 38769 - Dock"
"2022-01-28 22:15:19.8025","Warn","AudioManager","Old sound enum still used for DockHoveredOver on 9918 - Back Slot"
"2022-01-28 22:15:19.9547","Warn","AudioManager","Old sound enum still used for SwordClash on 5360 - Handle Medium Cool(Clone)"
"2022-01-28 22:15:20.6908","Warn","AudioManager","Old sound enum still used for DockHoveredOver on 38784 - Dock"
"2022-01-28 22:15:20.8851","Warn","AudioManager","Old sound enum still used for DockHoveredOver on 9918 - Back Slot"
"2022-01-28 22:15:21.7122","Warn","UnityLogHandler","Unhandled Unity Log: RTP(0)rtp_parse: timestamp jump from 194369920 to 194369920"
"2022-01-28 22:15:21.7174","Warn","AudioManager","Old sound enum still used for SwordClash on 5360 - Handle Medium Cool(Clone)"
"2022-01-28 22:15:23.5334","Warn","AudioManager","Old sound enum still used for SwordClash on 37916 - Handle Medium Cool(Clone)"
"2022-01-28 22:15:23.5334","Warn","AudioManager","Old sound enum still used for SwordClash on 5360 - Handle Medium Cool(Clone)"
"2022-01-28 22:15:25.0640","Warn","AudioManager","Old sound enum still used for DockHoveredOver on 9918 - Back Slot"
"2022-01-28 22:15:25.4806","Warn","AudioManager","Old sound enum still used for DockHoveredOver on 38784 - Dock"
"2022-01-28 22:15:25.5083","Warn","AudioManager","Old sound enum still used for DockHoveredOver on 38769 - Dock"
"2022-01-28 22:15:26.7318","Warn","UnityLogHandler","Unhandled Unity Log: RTP(0)rtp_parse: timestamp jump from 194530560 to 194529920"
"2022-01-28 22:15:27.0354","Warn","AudioManager","Old sound enum still used for DockHoveredOver on 38769 - Dock"
"2022-01-28 22:15:27.1328","Warn","AudioManager","Old sound enum still used for DockHoveredOver on 38784 - Dock"
"2022-01-28 22:15:27.2847","Warn","AudioManager","Old sound enum still used for DockHoveredOver on 9918 - Back Slot"
"2022-01-28 22:15:27.3543","Warn","AudioManager","Old sound enum still used for DockHoveredOver on 38769 - Dock"
"2022-01-28 22:15:27.5351","Warn","AudioManager","Old sound enum still used for DockHoveredOver on 9918 - Back Slot"
"2022-01-28 22:15:27.6349","Warn","AudioManager","Old sound enum still used for DockAddedTo on 9948 - Dock TR"
"2022-01-28 22:15:28.5077","Warn","AudioManager","Old sound enum still used for DockAddedTo on 38784 - Dock"
"2022-01-28 22:15:29.9770","Warn","AudioManager","Old sound enum still used for DockRemovedFrom on 38784 - Dock"
"2022-01-28 22:15:29.9816","Warn","AudioManager","Old sound enum still used for DockHoveredOver on 38784 - Dock"
"2022-01-28 22:15:31.7310","Warn","UnityLogHandler","Unhandled Unity Log: RTP(0)rtp_parse: timestamp jump from 194690560 to 194690560"
"2022-01-28 22:15:32.1421","Warn","AudioManager","Old sound enum still used for PickUpGrabbed on 5360 - Handle Medium Cool(Clone)"
"2022-01-28 22:15:32.4330","Warn","AudioManager","Old sound enum still used for PickUpLetGo on 5360 - Handle Medium Cool(Clone)"
"2022-01-28 22:15:35.4292","Warn","AudioManager","Old sound enum still used for PickUpGrabbed on 5360 - Handle Medium Cool(Clone)"
"2022-01-28 22:15:35.8467","Warn","AudioManager","Old sound enum still used for PickUpLetGo on 5360 - Handle Medium Cool(Clone)"
"2022-01-28 22:15:36.7318","Warn","UnityLogHandler","Unhandled Unity Log: RTP(0)rtp_parse: timestamp jump from 194850560 to 194850560"
"2022-01-28 22:15:37.1563","Warn","AudioManager","Old sound enum still used for DockRemovedFrom on 9918 - Back Slot"
"2022-01-28 22:15:37.1563","Warn","AudioManager","Old sound enum still used for BackpackUndocked on 9945 - Bag(Clone)"
"2022-01-28 22:15:37.1563","Warn","AudioManager","Old sound enum still used for DockHoveredOver on 9918 - Back Slot"
"2022-01-28 22:15:38.9856","Warn","AudioManager","Old sound enum still used for DockHoveredOver on 9918 - Back Slot"
"2022-01-28 22:15:39.9310","Warn","AudioManager","Old sound enum still used for DockHoveredOver on 9918 - Back Slot"
"2022-01-28 22:15:40.4059","Warn","AudioManager","Old sound enum still used for DockAddedTo on 9918 - Back Slot"
"2022-01-28 22:15:40.4059","Warn","AudioManager","Old sound enum still used for BackpackDocked on 9945 - Bag(Clone)"
"2022-01-28 22:15:41.7317","Warn","UnityLogHandler","Unhandled Unity Log: RTP(0)rtp_parse: timestamp jump from 195010560 to 195010560"
"2022-01-28 22:15:43.2014","Warn","AudioManager","Old sound enum still used for DockHoveredOver on 38784 - Dock"
"2022-01-28 22:15:43.7324","Warn","AudioManager","Old sound enum still used for DockAddedTo on 38784 - Dock"
"2022-01-28 22:15:44.4558","Warn","AudioManager","Old sound enum still used for DockRemovedFrom on 9918 - Back Slot"
"2022-01-28 22:15:44.4558","Warn","AudioManager","Old sound enum still used for BackpackUndocked on 9945 - Bag(Clone)"
"2022-01-28 22:15:44.4558","Warn","AudioManager","Old sound enum still used for DockHoveredOver on 9918 - Back Slot"
"2022-01-28 22:15:46.1522","Warn","AudioManager","Old sound enum still used for DockRemovedFrom on 9948 - Dock TR"
"2022-01-28 22:15:46.1522","Warn","AudioManager","Old sound enum still used for DockHoveredOver on 9948 - Dock TR"
"2022-01-28 22:15:46.7516","Warn","UnityLogHandler","Unhandled Unity Log: RTP(0)rtp_parse: timestamp jump from 195171200 to 195170560"
"2022-01-28 22:15:47.9275","Warn","AudioManager","Old sound enum still used for DockHoveredOver on 38769 - Dock"
"2022-01-28 22:15:48.4566","Warn","AudioManager","Old sound enum still used for DockAddedTo on 38769 - Dock"
"2022-01-28 22:15:49.4831","Warn","AudioManager","Old sound enum still used for DockHoveredOver on 9918 - Back Slot"
"2022-01-28 22:15:49.7370","Warn","AudioManager","Old sound enum still used for DockAddedTo on 9918 - Back Slot"
"2022-01-28 22:15:49.7370","Warn","AudioManager","Old sound enum still used for BackpackDocked on 9945 - Bag(Clone)"
"2022-01-28 22:15:50.5682","Warn","AudioManager","Old sound enum still used for DockRemovedFrom on 38784 - Dock"
"2022-01-28 22:15:50.5728","Warn","AudioManager","Old sound enum still used for DockHoveredOver on 38784 - Dock"
"2022-01-28 22:15:50.6544","Warn","AudioManager","Old sound enum still used for DockRemovedFrom on 38769 - Dock"
"2022-01-28 22:15:50.6544","Warn","AudioManager","Old sound enum still used for DockHoveredOver on 38769 - Dock"
"2022-01-28 22:15:51.7510","Warn","UnityLogHandler","Unhandled Unity Log: RTP(0)rtp_parse: timestamp jump from 195331200 to 195331200"
"2022-01-28 22:15:52.5656","Warn","AudioManager","Old sound enum still used for DockHoveredOver on 38784 - Dock"
"2022-01-28 22:15:52.8734","Warn","AudioManager","Old sound enum still used for DockAddedTo on 38784 - Dock"
"2022-01-28 22:15:53.9569","Warn","AudioManager","Old sound enum still used for PickUpGrabbed on 37916 - Handle Medium Cool(Clone)"
"2022-01-28 22:15:54.2899","Warn","AudioManager","Old sound enum still used for PickUpLetGo on 37916 - Handle Medium Cool(Clone)"
"2022-01-28 22:15:55.2269","Warn","AudioManager","Old sound enum still used for PickUpGrabbed on 37916 - Handle Medium Cool(Clone)"
"2022-01-28 22:15:55.7606","Warn","AudioManager","Old sound enum still used for PickUpLetGo on 37916 - Handle Medium Cool(Clone)"
"2022-01-28 22:15:56.4637","Warn","AudioManager","Old sound enum still used for PickUpGrabbed on 37916 - Handle Medium Cool(Clone)"
"2022-01-28 22:15:56.7262","Warn","AudioManager","Old sound enum still used for PickUpLetGo on 37916 - Handle Medium Cool(Clone)"
"2022-01-28 22:15:56.7716","Warn","UnityLogHandler","Unhandled Unity Log: RTP(0)rtp_parse: timestamp jump from 195491840 to 195491200"
"2022-01-28 22:15:57.7571","Warn","AudioManager","Old sound enum still used for DockRemovedFrom on 38784 - Dock"
"2022-01-28 22:15:57.7612","Warn","AudioManager","Old sound enum still used for DockHoveredOver on 38784 - Dock"
"2022-01-28 22:15:59.7037","Warn","AudioManager","Old sound enum still used for PickUpLetGo on 5360 - Handle Medium Cool(Clone)"
"2022-01-28 22:16:00.1483","Warn","AudioManager","Old sound enum still used for PickUpGrabbed on 5360 - Handle Medium Cool(Clone)"
"2022-01-28 22:16:01.7720","Warn","UnityLogHandler","Unhandled Unity Log: RTP(0)rtp_parse: timestamp jump from 195651840 to 195651840"
"2022-01-28 22:16:06.8316","Warn","UnityLogHandler","Unhandled Unity Log: RTP(0)rtp_parse: timestamp jump from 195812480 to 195811840"
"2022-01-28 22:16:08.0226","Warn","AudioManager","Old sound enum still used for DockHoveredOver on 38769 - Dock"
"2022-01-28 22:16:11.7911","Warn","UnityLogHandler","Unhandled Unity Log: RTP(0)rtp_parse: timestamp jump from 195972480 to 195972480"
"2022-01-28 22:16:16.7914","Warn","UnityLogHandler","Unhandled Unity Log: RTP(0)rtp_parse: timestamp jump from 196132480 to 196132480"
"2022-01-28 22:16:21.6122","Warn","AudioManager","Old sound enum still used for DockHoveredOver on 38769 - Dock"
"2022-01-28 22:16:21.6122","Warn","AudioManager","Old sound enum still used for DockHoveredOver on 38784 - Dock"
"2022-01-28 22:16:21.8117","Warn","UnityLogHandler","Unhandled Unity Log: RTP(0)rtp_parse: timestamp jump from 196293120 to 196292480"
"2022-01-28 22:16:21.9064","Warn","AudioManager","Old sound enum still used for DockAddedTo on 38784 - Dock"
"2022-01-28 22:16:21.9064","Warn","AudioManager","Old sound enum still used for DockAddedTo on 38769 - Dock"
"2022-01-28 22:16:23.3693","Warn","AudioManager","Old sound enum still used for DockRemovedFrom on 9918 - Back Slot"
"2022-01-28 22:16:23.3693","Warn","AudioManager","Old sound enum still used for BackpackUndocked on 9945 - Bag(Clone)"
"2022-01-28 22:16:23.3693","Warn","AudioManager","Old sound enum still used for DockHoveredOver on 9918 - Back Slot"
"2022-01-28 22:16:24.9018","Warn","AudioManager","Old sound enum still used for DockHoveredOver on 9918 - Back Slot"
"2022-01-28 22:16:24.9858","Warn","AudioManager","Old sound enum still used for DockAddedTo on 9918 - Back Slot"
"2022-01-28 22:16:24.9858","Warn","AudioManager","Old sound enum still used for BackpackDocked on 9945 - Bag(Clone)"
"2022-01-28 22:16:26.8114","Warn","UnityLogHandler","Unhandled Unity Log: RTP(0)rtp_parse: timestamp jump from 196453120 to 196453120"
"2022-01-28 22:16:26.9613","Warn","AudioManager","Old sound enum still used for PickUpGrabbed on 67275 - Dummy Pickup"
"2022-01-28 22:16:27.1558","Warn","AudioManager","Old sound enum still used for PickUpLetGo on 67275 - Dummy Pickup"
"2022-01-28 22:16:27.7116","Warn","AudioManager","Old sound enum still used for PickUpGrabbed on 67275 - Dummy Pickup"
"2022-01-28 22:16:27.8773","Warn","AudioManager","Old sound enum still used for PickUpLetGo on 67275 - Dummy Pickup"
"2022-01-28 22:16:28.4203","Warn","AudioManager","Old sound enum still used for PickUpGrabbed on 67275 - Dummy Pickup"
"2022-01-28 22:16:28.6132","Warn","AudioManager","Old sound enum still used for PickUpLetGo on 67275 - Dummy Pickup"
"2022-01-28 22:16:29.3640","Warn","AudioManager","Old sound enum still used for PickUpGrabbed on 67275 - Dummy Pickup"
"2022-01-28 22:16:29.9335","Warn","AudioManager","Old sound enum still used for PickUpLetGo on 67275 - Dummy Pickup"
"2022-01-28 22:16:31.7378","Warn","AudioManager","Old sound enum still used for DockRemovedFrom on 9922 - Pouch Slot Right"
"2022-01-28 22:16:31.7378","Warn","AudioManager","Old sound enum still used for PickUpGrabbed on 68044 - Pouch(Clone)"
"2022-01-28 22:16:31.7378","Warn","AudioManager","Old sound enum still used for DockHoveredOver on 9922 - Pouch Slot Right"
"2022-01-28 22:16:31.8313","Warn","UnityLogHandler","Unhandled Unity Log: RTP(0)rtp_parse: timestamp jump from 196613760 to 196613120"
"2022-01-28 22:16:32.3199","Warn","AudioManager","Old sound enum still used for DockAddedTo on 9922 - Pouch Slot Right"
"2022-01-28 22:16:32.3199","Warn","AudioManager","Old sound enum still used for DockRemovedFrom on 9922 - Pouch Slot Right"
"2022-01-28 22:16:32.3199","Warn","AudioManager","Old sound enum still used for DockRemovedFrom on 68045 - Storage"
"2022-01-28 22:16:32.3199","Warn","AudioManager","Old sound enum still used for DockAddedTo on 9922 - Pouch Slot Right"
"2022-01-28 22:16:32.3905","Warn","AudioManager","Old sound enum still used for DockAddedTo on 9922 - Pouch Slot Right"
"2022-01-28 22:16:34.1527","Info","UnityLogHandler","Unhandled Unity Log: [OVRManager] InputFocusLost event"
"2022-01-28 22:16:36.8322","Warn","UnityLogHandler","Unhandled Unity Log: RTP(0)rtp_parse: timestamp jump from 196773760 to 196773760"
"2022-01-28 22:16:38.5056","Info","UnityLogHandler","Unhandled Unity Log: [OVRManager] InputFocusAcquired event"
"2022-01-28 22:16:39.6086","Info","UnityLogHandler","Unhandled Unity Log: [OVRManager] InputFocusLost event"
"2022-01-28 22:16:41.8511","Warn","UnityLogHandler","Unhandled Unity Log: RTP(0)rtp_parse: timestamp jump from 196934400 to 196933760"
"2022-01-28 22:16:41.9167","Info","UnityLogHandler","Unhandled Unity Log: [OVRManager] OVRPlugin.shouldQuit detected"
"2022-01-28 22:16:41.9515","Info","UnityLogHandler","Unhandled Unity Log: [OVRManager] OnApplicationQuit"
"2022-01-28 22:16:42.0574","Debug","VivoxChannel+Session","AudioState"
"2022-01-28 22:16:42.0574","Debug","VivoxChannel+Session","Disconnecting"
"2022-01-28 22:16:42.6704","Info","ApplicationManager","Shutting down"
"2022-01-28 22:16:42.6704","Info","GameModeManager","Stopping current game mode: JoinedServerGameMode"
"2022-01-28 22:16:42.6704","Info","Alta.Networking.Connection"," was disconnected for: Joined Server Game Mode Stopped"
"2022-01-28 22:16:42.6704","Info","Alta.Networking.Socket","Destroying connection to player: "
"2022-01-28 22:16:42.6704","Info","PlayerMessageDisplay","Displaying message: ""Lost connection to server"""
"2022-01-28 22:16:42.6704","Debug","Alta.Networking.Connection","Disconnect sending from Client"
"2022-01-28 22:16:42.6704","Debug","Alta.Networking.Connection","Error Code: Ok"
"2022-01-28 22:16:42.6704","Info","Alta.Networking.NetworkManager","Terminating NetworkManager, Transport Started: True Number of Sockets: 1"
"2022-01-28 22:16:42.7056","Warn","PlayerPreferences","Trying to save player prefs to disk but nothing new has been added since the last save"
"2022-01-28 22:16:42.7056","Info","ApplicationManager","Application Quit - HasShutdown events: True"
