"time","level","logger","message","stacktrace","exception.type","exception.message","exception.stacktrace"
"2022-01-21 20:42:13.9296","Warn","Unhandled","Renderer 'talum_LOD0' is registered with more than one LODGroup ('Talem Static' and 'Store Page Manager').","
","","",""
"2022-01-21 20:42:13.9296","Warn","Unhandled","Renderer 'talum_LOD1' is registered with more than one LODGroup ('Talem Static' and 'Store Page Manager').","
","","",""
"2022-01-21 20:42:13.9296","Warn","Unhandled","Renderer 'talum_LOD2' is registered with more than one LODGroup ('Talem Static' and 'Store Page Manager').","
","","",""
"2022-01-21 20:42:13.9296","Warn","Unhandled","Renderer 'talum_LOD0' is registered with more than one LODGroup ('Talem Static' and 'Store Page Manager').","
","","",""
"2022-01-21 20:42:13.9296","Warn","Unhandled","Renderer 'talum_LOD1' is registered with more than one LODGroup ('Talem Static' and 'Store Page Manager').","
","","",""
"2022-01-21 20:42:13.9296","Warn","Unhandled","Renderer 'talum_LOD2' is registered with more than one LODGroup ('Talem Static' and 'Store Page Manager').","
","","",""
"2022-01-21 20:42:14.3943","Warn","Unhandled","CommandBuffer: built-in render texture type 13 not found while executing Unnamed command buffer (Blit source)","
","","",""
"2022-01-21 20:42:14.3943","Warn","Unhandled","CommandBuffer: built-in render texture type 13 not found while executing Unnamed command buffer (Blit destination)","
","","",""
"2022-01-21 20:45:10.1625","Warn","Unhandled","CollisionMeshData couldn't be created because the mesh has been marked as non-accessible. Mesh asset path """" Mesh name """"","
","","",""
"2022-01-21 20:45:10.2370","Warn","Unhandled","CollisionMeshData couldn't be created because the mesh has been marked as non-accessible. Mesh asset path """" Mesh name """"","
","","",""
"2022-01-21 20:45:10.2499","Warn","Unhandled","CollisionMeshData couldn't be created because the mesh has been marked as non-accessible. Mesh asset path """" Mesh name """"","
","","",""
"2022-01-21 20:45:10.2638","Warn","Unhandled","CollisionMeshData couldn't be created because the mesh has been marked as non-accessible. Mesh asset path """" Mesh name """"","
","","",""
"2022-01-21 20:45:10.2638","Warn","Unhandled","CollisionMeshData couldn't be created because the mesh has been marked as non-accessible. Mesh asset path """" Mesh name """"","
","","",""
"2022-01-21 20:45:32.7682","Warn","Unhandled","CollisionMeshData couldn't be created because the mesh has been marked as non-accessible. Mesh asset path """" Mesh name """"","
","","",""
"2022-01-21 20:45:33.2433","Warn","Unhandled","CollisionMeshData couldn't be created because the mesh has been marked as non-accessible. Mesh asset path """" Mesh name """"","
","","",""
"2022-01-21 20:46:06.1889","Warn","Unhandled","CollisionMeshData couldn't be created because the mesh has been marked as non-accessible. Mesh asset path """" Mesh name """"","
","","",""
"2022-01-21 20:46:06.2389","Warn","Unhandled","CollisionMeshData couldn't be created because the mesh has been marked as non-accessible. Mesh asset path """" Mesh name """"","
","","",""
"2022-01-21 20:46:06.2657","Warn","Unhandled","CollisionMeshData couldn't be created because the mesh has been marked as non-accessible. Mesh asset path """" Mesh name """"","
","","",""
"2022-01-21 20:46:06.2657","Warn","Unhandled","CollisionMeshData couldn't be created because the mesh has been marked as non-accessible. Mesh asset path """" Mesh name """"","
","","",""
"2022-01-21 20:46:06.2889","Warn","Unhandled","CollisionMeshData couldn't be created because the mesh has been marked as non-accessible. Mesh asset path """" Mesh name """"","
","","",""
"2022-01-21 20:46:07.0131","Warn","Unhandled","CollisionMeshData couldn't be created because the mesh has been marked as non-accessible. Mesh asset path """" Mesh name """"","
","","",""
"2022-01-21 20:46:07.4657","Warn","Unhandled","CollisionMeshData couldn't be created because the mesh has been marked as non-accessible. Mesh asset path """" Mesh name """"","
","","",""
"2022-01-21 20:49:01.6014","Warn","Unhandled","Kinematic body only supports Speculative Continuous collision detection","
","","",""
"2022-01-21 20:49:01.6499","Warn","Unhandled","Kinematic body only supports Speculative Continuous collision detection","
","","",""
"2022-01-21 20:49:06.3987","Warn","Unhandled","Kinematic body only supports Speculative Continuous collision detection","
","","",""
"2022-01-21 20:50:35.9186","Warn","Unhandled","Kinematic body only supports Speculative Continuous collision detection","
","","",""
"2022-01-21 20:50:36.0829","Warn","Unhandled","Kinematic body only supports Speculative Continuous collision detection","
","","",""
"2022-01-21 20:50:36.1207","Warn","Unhandled","Kinematic body only supports Speculative Continuous collision detection","
","","",""
"2022-01-21 20:51:02.7268","Warn","Unhandled","Kinematic body only supports Speculative Continuous collision detection","
","","",""
"2022-01-21 20:55:44.4806","Warn","Unhandled","Kinematic body only supports Speculative Continuous collision detection","
","","",""
"2022-01-21 20:56:22.7907","Warn","Unhandled","CollisionMeshData couldn't be created because the mesh has been marked as non-accessible. Mesh asset path """" Mesh name """"","
","","",""
"2022-01-21 20:56:23.0235","Warn","Unhandled","CollisionMeshData couldn't be created because the mesh has been marked as non-accessible. Mesh asset path """" Mesh name """"","
","","",""
"2022-01-21 20:56:23.0235","Warn","Unhandled","CollisionMeshData couldn't be created because the mesh has been marked as non-accessible. Mesh asset path """" Mesh name """"","
","","",""
"2022-01-21 20:56:23.0488","Warn","Unhandled","CollisionMeshData couldn't be created because the mesh has been marked as non-accessible. Mesh asset path """" Mesh name """"","
","","",""
"2022-01-21 20:56:23.0654","Warn","Unhandled","CollisionMeshData couldn't be created because the mesh has been marked as non-accessible. Mesh asset path """" Mesh name """"","
","","",""
"2022-01-21 20:56:23.0742","Warn","Unhandled","CollisionMeshData couldn't be created because the mesh has been marked as non-accessible. Mesh asset path """" Mesh name """"","
","","",""
"2022-01-21 20:56:23.0742","Warn","Unhandled","CollisionMeshData couldn't be created because the mesh has been marked as non-accessible. Mesh asset path """" Mesh name """"","
","","",""
"2022-01-21 20:56:54.3974","Warn","Unhandled","CollisionMeshData couldn't be created because the mesh has been marked as non-accessible. Mesh asset path """" Mesh name """"","
","","",""
"2022-01-21 20:56:54.4348","Warn","Unhandled","CollisionMeshData couldn't be created because the mesh has been marked as non-accessible. Mesh asset path """" Mesh name """"","
","","",""
"2022-01-21 20:56:54.4461","Warn","Unhandled","CollisionMeshData couldn't be created because the mesh has been marked as non-accessible. Mesh asset path """" Mesh name """"","
","","",""
"2022-01-21 20:56:54.4461","Warn","Unhandled","CollisionMeshData couldn't be created because the mesh has been marked as non-accessible. Mesh asset path """" Mesh name """"","
","","",""
"2022-01-21 20:56:54.4616","Warn","Unhandled","CollisionMeshData couldn't be created because the mesh has been marked as non-accessible. Mesh asset path """" Mesh name """"","
","","",""
"2022-01-21 20:59:52.8165","Warn","Unhandled","Kinematic body only supports Speculative Continuous collision detection","
","","",""
"2022-01-21 21:00:51.9451","Warn","Unhandled","Kinematic body only supports Speculative Continuous collision detection","
","","",""
"2022-01-21 21:11:56.4386","Warn","Unhandled","Kinematic body only supports Speculative Continuous collision detection","
","","",""
"2022-01-21 21:12:00.0153","Warn","Unhandled","Kinematic body only supports Speculative Continuous collision detection","
","","",""
"2022-01-21 21:14:29.8880","Warn","Unhandled","CollisionMeshData couldn't be created because the mesh has been marked as non-accessible. Mesh asset path """" Mesh name """"","
","","",""
"2022-01-21 21:14:30.3449","Warn","Unhandled","CollisionMeshData couldn't be created because the mesh has been marked as non-accessible. Mesh asset path """" Mesh name """"","
","","",""
"2022-01-21 21:14:30.3712","Warn","Unhandled","CollisionMeshData couldn't be created because the mesh has been marked as non-accessible. Mesh asset path """" Mesh name """"","
","","",""
"2022-01-21 21:14:30.4227","Warn","Unhandled","CollisionMeshData couldn't be created because the mesh has been marked as non-accessible. Mesh asset path """" Mesh name """"","
","","",""
"2022-01-21 21:14:30.4481","Warn","Unhandled","CollisionMeshData couldn't be created because the mesh has been marked as non-accessible. Mesh asset path """" Mesh name """"","
","","",""
"2022-01-21 21:14:30.4697","Warn","Unhandled","CollisionMeshData couldn't be created because the mesh has been marked as non-accessible. Mesh asset path """" Mesh name """"","
","","",""
"2022-01-21 21:14:30.4697","Warn","Unhandled","CollisionMeshData couldn't be created because the mesh has been marked as non-accessible. Mesh asset path """" Mesh name """"","
","","",""
"2022-01-21 21:15:00.5402","Warn","Unhandled","CollisionMeshData couldn't be created because the mesh has been marked as non-accessible. Mesh asset path """" Mesh name """"","
","","",""
"2022-01-21 21:15:00.5888","Warn","Unhandled","CollisionMeshData couldn't be created because the mesh has been marked as non-accessible. Mesh asset path """" Mesh name """"","
","","",""
"2022-01-21 21:15:00.5888","Warn","Unhandled","CollisionMeshData couldn't be created because the mesh has been marked as non-accessible. Mesh asset path """" Mesh name """"","
","","",""
"2022-01-21 21:15:00.6137","Warn","Unhandled","CollisionMeshData couldn't be created because the mesh has been marked as non-accessible. Mesh asset path """" Mesh name """"","
","","",""
"2022-01-21 21:15:00.6137","Warn","Unhandled","CollisionMeshData couldn't be created because the mesh has been marked as non-accessible. Mesh asset path """" Mesh name """"","
","","",""
"2022-01-21 21:17:27.2617","Warn","Unhandled","CollisionMeshData couldn't be created because the mesh has been marked as non-accessible. Mesh asset path """" Mesh name """"","
","","",""
"2022-01-21 21:17:27.2866","Warn","Unhandled","CollisionMeshData couldn't be created because the mesh has been marked as non-accessible. Mesh asset path """" Mesh name """"","
","","",""
"2022-01-21 21:17:27.3007","Warn","Unhandled","CollisionMeshData couldn't be created because the mesh has been marked as non-accessible. Mesh asset path """" Mesh name """"","
","","",""
"2022-01-21 21:17:27.3086","Warn","Unhandled","CollisionMeshData couldn't be created because the mesh has been marked as non-accessible. Mesh asset path """" Mesh name """"","
","","",""
"2022-01-21 21:17:27.3086","Warn","Unhandled","CollisionMeshData couldn't be created because the mesh has been marked as non-accessible. Mesh asset path """" Mesh name """"","
","","",""
"2022-01-21 21:17:49.3639","Warn","Unhandled","CollisionMeshData couldn't be created because the mesh has been marked as non-accessible. Mesh asset path """" Mesh name """"","
","","",""
"2022-01-21 21:17:49.9648","Warn","Unhandled","CollisionMeshData couldn't be created because the mesh has been marked as non-accessible. Mesh asset path """" Mesh name """"","
","","",""
"2022-01-21 21:32:31.0717","Warn","Unhandled","Kinematic body only supports Speculative Continuous collision detection","
","","",""
"2022-01-21 21:32:49.4035","Warn","Unhandled","Kinematic body only supports Speculative Continuous collision detection","
","","",""
"2022-01-21 21:35:03.0791","Warn","Unhandled","Kinematic body only supports Speculative Continuous collision detection","
","","",""
"2022-01-21 21:35:11.1011","Warn","Unhandled","CollisionMeshData couldn't be created because the mesh has been marked as non-accessible. Mesh asset path """" Mesh name """"","
","","",""
"2022-01-21 21:35:11.5475","Warn","Unhandled","CollisionMeshData couldn't be created because the mesh has been marked as non-accessible. Mesh asset path """" Mesh name """"","
","","",""
"2022-01-21 21:35:11.5743","Warn","Unhandled","CollisionMeshData couldn't be created because the mesh has been marked as non-accessible. Mesh asset path """" Mesh name """"","
","","",""
"2022-01-21 21:35:11.6239","Warn","Unhandled","CollisionMeshData couldn't be created because the mesh has been marked as non-accessible. Mesh asset path """" Mesh name """"","
","","",""
"2022-01-21 21:35:11.6483","Warn","Unhandled","CollisionMeshData couldn't be created because the mesh has been marked as non-accessible. Mesh asset path """" Mesh name """"","
","","",""
"2022-01-21 21:35:11.6483","Warn","Unhandled","CollisionMeshData couldn't be created because the mesh has been marked as non-accessible. Mesh asset path """" Mesh name """"","
","","",""
"2022-01-21 21:35:11.6736","Warn","Unhandled","CollisionMeshData couldn't be created because the mesh has been marked as non-accessible. Mesh asset path """" Mesh name """"","
","","",""
"2022-01-21 21:44:15.4583","Warn","Unhandled","Kinematic body only supports Speculative Continuous collision detection","
","","",""
"2022-01-21 21:44:25.7813","Warn","Unhandled","Kinematic body only supports Speculative Continuous collision detection","
","","",""
"2022-01-21 21:44:32.8414","Warn","Unhandled","Kinematic body only supports Speculative Continuous collision detection","
","","",""
"2022-01-21 21:44:34.9256","Warn","Unhandled","Kinematic body only supports Speculative Continuous collision detection","
","","",""
"2022-01-21 21:49:00.7511","Warn","Unhandled","Kinematic body only supports Speculative Continuous collision detection","
","","",""
"2022-01-21 21:49:08.7237","Warn","Unhandled","Kinematic body only supports Speculative Continuous collision detection","
","","",""
"2022-01-21 21:53:01.9186","Warn","Unhandled","Kinematic body only supports Speculative Continuous collision detection","
","","",""
"2022-01-21 21:53:12.6531","Warn","Unhandled","Kinematic body only supports Speculative Continuous collision detection","
","","",""
"2022-01-21 21:57:01.1960","Warn","Unhandled","Kinematic body only supports Speculative Continuous collision detection","
","","",""
"2022-01-21 21:57:11.9416","Warn","Unhandled","Kinematic body only supports Speculative Continuous collision detection","
","","",""
"2022-01-21 21:57:41.9330","Warn","Unhandled","Kinematic body only supports Speculative Continuous collision detection","
","","",""
"2022-01-21 21:58:00.8522","Warn","Unhandled","Kinematic body only supports Speculative Continuous collision detection","
","","",""
"2022-01-21 21:58:13.7284","Warn","Unhandled","Kinematic body only supports Speculative Continuous collision detection","
","","",""
"2022-01-21 21:58:45.1630","Warn","Unhandled","Kinematic body only supports Speculative Continuous collision detection","
","","",""
"2022-01-21 22:01:13.1973","Warn","Unhandled","Kinematic body only supports Speculative Continuous collision detection","
","","",""
"2022-01-21 22:01:39.2904","Warn","Unhandled","Kinematic body only supports Speculative Continuous collision detection","
","","",""
"2022-01-21 22:01:47.2609","Warn","Unhandled","Kinematic body only supports Speculative Continuous collision detection","
","","",""
"2022-01-21 22:02:17.7788","Warn","Unhandled","Kinematic body only supports Speculative Continuous collision detection","
","","",""
"2022-01-21 22:02:26.2497","Warn","Unhandled","Kinematic body only supports Speculative Continuous collision detection","
","","",""
"2022-01-21 22:04:46.9789","Warn","Unhandled","Kinematic body only supports Speculative Continuous collision detection","
","","",""
"2022-01-21 22:04:53.5269","Warn","Unhandled","Kinematic body only supports Speculative Continuous collision detection","
","","",""
"2022-01-21 22:06:12.2693","Warn","Unhandled","Kinematic body only supports Speculative Continuous collision detection","
","","",""
"2022-01-21 22:06:17.5754","Warn","Unhandled","Kinematic body only supports Speculative Continuous collision detection","
","","",""
"2022-01-21 22:06:52.5050","Warn","Unhandled","Kinematic body only supports Speculative Continuous collision detection","
","","",""
"2022-01-21 22:07:11.9963","Warn","Unhandled","Kinematic body only supports Speculative Continuous collision detection","
","","",""
"2022-01-21 22:07:51.8905","Warn","Unhandled","Kinematic body only supports Speculative Continuous collision detection","
","","",""
"2022-01-21 22:07:58.9343","Warn","Unhandled","Kinematic body only supports Speculative Continuous collision detection","
","","",""
"2022-01-21 22:09:32.8824","Warn","Unhandled","Kinematic body only supports Speculative Continuous collision detection","
","","",""
"2022-01-21 22:09:36.9571","Warn","Unhandled","Kinematic body only supports Speculative Continuous collision detection","
","","",""
"2022-01-21 22:09:48.5279","Warn","Unhandled","Kinematic body only supports Speculative Continuous collision detection","
","","",""
"2022-01-21 22:13:31.4345","Warn","Unhandled","Kinematic body only supports Speculative Continuous collision detection","
","","",""
"2022-01-21 22:13:35.9891","Warn","Unhandled","Kinematic body only supports Speculative Continuous collision detection","
","","",""
"2022-01-21 22:21:28.0881","Warn","Unhandled","CollisionMeshData couldn't be created because the mesh has been marked as non-accessible. Mesh asset path """" Mesh name """"","
","","",""
"2022-01-21 22:21:28.1140","Warn","Unhandled","CollisionMeshData couldn't be created because the mesh has been marked as non-accessible. Mesh asset path """" Mesh name """"","
","","",""
"2022-01-21 22:21:28.1260","Warn","Unhandled","CollisionMeshData couldn't be created because the mesh has been marked as non-accessible. Mesh asset path """" Mesh name """"","
","","",""
"2022-01-21 22:21:28.1385","Warn","Unhandled","CollisionMeshData couldn't be created because the mesh has been marked as non-accessible. Mesh asset path """" Mesh name """"","
","","",""
"2022-01-21 22:21:28.1385","Warn","Unhandled","CollisionMeshData couldn't be created because the mesh has been marked as non-accessible. Mesh asset path """" Mesh name """"","
","","",""
"2022-01-21 22:21:59.1741","Warn","Unhandled","CollisionMeshData couldn't be created because the mesh has been marked as non-accessible. Mesh asset path """" Mesh name """"","
","","",""
"2022-01-21 22:21:59.6259","Warn","Unhandled","CollisionMeshData couldn't be created because the mesh has been marked as non-accessible. Mesh asset path """" Mesh name """"","
","","",""
"2022-01-21 22:22:10.7131","Warn","Unhandled","CollisionMeshData couldn't be created because the mesh has been marked as non-accessible. Mesh asset path """" Mesh name """"","
","","",""
"2022-01-21 22:22:15.6936","Warn","Unhandled","CollisionMeshData couldn't be created because the mesh has been marked as non-accessible. Mesh asset path """" Mesh name """"","
","","",""
"2022-01-21 22:22:25.9895","Warn","Unhandled","CollisionMeshData couldn't be created because the mesh has been marked as non-accessible. Mesh asset path """" Mesh name """"","
","","",""
"2022-01-21 22:22:40.4366","Warn","Unhandled","CollisionMeshData couldn't be created because the mesh has been marked as non-accessible. Mesh asset path """" Mesh name """"","
","","",""
"2022-01-21 22:22:46.9381","Warn","Unhandled","CollisionMeshData couldn't be created because the mesh has been marked as non-accessible. Mesh asset path """" Mesh name """"","
","","",""
"2022-01-21 22:24:27.2582","Warn","Unhandled","CollisionMeshData couldn't be created because the mesh has been marked as non-accessible. Mesh asset path """" Mesh name """"","
","","",""
"2022-01-21 22:30:09.0134","Warn","Unhandled","CollisionMeshData couldn't be created because the mesh has been marked as non-accessible. Mesh asset path """" Mesh name """"","
","","",""
"2022-01-21 22:30:09.0387","Warn","Unhandled","CollisionMeshData couldn't be created because the mesh has been marked as non-accessible. Mesh asset path """" Mesh name """"","
","","",""
"2022-01-21 22:30:09.0532","Warn","Unhandled","CollisionMeshData couldn't be created because the mesh has been marked as non-accessible. Mesh asset path """" Mesh name """"","
","","",""
"2022-01-21 22:30:09.0532","Warn","Unhandled","CollisionMeshData couldn't be created because the mesh has been marked as non-accessible. Mesh asset path """" Mesh name """"","
","","",""
"2022-01-21 22:30:09.0532","Warn","Unhandled","CollisionMeshData couldn't be created because the mesh has been marked as non-accessible. Mesh asset path """" Mesh name """"","
","","",""
"2022-01-21 22:30:32.8927","Warn","Unhandled","CollisionMeshData couldn't be created because the mesh has been marked as non-accessible. Mesh asset path """" Mesh name """"","
","","",""
"2022-01-21 22:30:33.3668","Warn","Unhandled","CollisionMeshData couldn't be created because the mesh has been marked as non-accessible. Mesh asset path """" Mesh name """"","
","","",""
"2022-01-21 22:31:54.9215","Warn","Unhandled","CollisionMeshData couldn't be created because the mesh has been marked as non-accessible. Mesh asset path """" Mesh name """"","
","","",""
"2022-01-21 22:33:27.1502","Warn","Unhandled","CollisionMeshData couldn't be created because the mesh has been marked as non-accessible. Mesh asset path """" Mesh name """"","
","","",""
"2022-01-21 22:33:27.2141","Warn","Unhandled","CollisionMeshData couldn't be created because the mesh has been marked as non-accessible. Mesh asset path """" Mesh name """"","
","","",""
"2022-01-21 22:33:27.2141","Warn","Unhandled","CollisionMeshData couldn't be created because the mesh has been marked as non-accessible. Mesh asset path """" Mesh name """"","
","","",""
"2022-01-21 22:33:27.2296","Warn","Unhandled","CollisionMeshData couldn't be created because the mesh has been marked as non-accessible. Mesh asset path """" Mesh name """"","
","","",""
"2022-01-21 22:39:38.2620","Warn","Unhandled","CollisionMeshData couldn't be created because the mesh has been marked as non-accessible. Mesh asset path """" Mesh name """"","
","","",""
"2022-01-21 22:39:38.8121","Warn","Unhandled","CollisionMeshData couldn't be created because the mesh has been marked as non-accessible. Mesh asset path """" Mesh name """"","
","","",""
"2022-01-21 22:39:38.8373","Warn","Unhandled","CollisionMeshData couldn't be created because the mesh has been marked as non-accessible. Mesh asset path """" Mesh name """"","
","","",""
"2022-01-21 22:39:38.8884","Warn","Unhandled","CollisionMeshData couldn't be created because the mesh has been marked as non-accessible. Mesh asset path """" Mesh name """"","
","","",""
"2022-01-21 22:39:38.9116","Warn","Unhandled","CollisionMeshData couldn't be created because the mesh has been marked as non-accessible. Mesh asset path """" Mesh name """"","
","","",""
"2022-01-21 22:39:38.9116","Warn","Unhandled","CollisionMeshData couldn't be created because the mesh has been marked as non-accessible. Mesh asset path """" Mesh name """"","
","","",""
"2022-01-21 22:42:39.9538","Warn","Unhandled","CollisionMeshData couldn't be created because the mesh has been marked as non-accessible. Mesh asset path """" Mesh name """"","
","","",""
"2022-01-21 22:42:40.0286","Warn","Unhandled","CollisionMeshData couldn't be created because the mesh has been marked as non-accessible. Mesh asset path """" Mesh name """"","
","","",""
"2022-01-21 22:42:40.0286","Warn","Unhandled","CollisionMeshData couldn't be created because the mesh has been marked as non-accessible. Mesh asset path """" Mesh name """"","
","","",""
"2022-01-21 22:42:40.0585","Warn","Unhandled","CollisionMeshData couldn't be created because the mesh has been marked as non-accessible. Mesh asset path """" Mesh name """"","
","","",""
"2022-01-21 22:48:18.3878","Warn","Unhandled","CollisionMeshData couldn't be created because the mesh has been marked as non-accessible. Mesh asset path """" Mesh name """"","
","","",""
"2022-01-21 22:48:18.8168","Warn","Unhandled","CollisionMeshData couldn't be created because the mesh has been marked as non-accessible. Mesh asset path """" Mesh name """"","
","","",""
"2022-01-21 22:59:09.9521","Warn","Unhandled","CollisionMeshData couldn't be created because the mesh has been marked as non-accessible. Mesh asset path """" Mesh name """"","
","","",""
"2022-01-21 23:07:13.6829","Warn","Unhandled","CollisionMeshData couldn't be created because the mesh has been marked as non-accessible. Mesh asset path """" Mesh name """"","
","","",""
"2022-01-21 23:07:13.7097","Warn","Unhandled","CollisionMeshData couldn't be created because the mesh has been marked as non-accessible. Mesh asset path """" Mesh name """"","
","","",""
"2022-01-21 23:07:13.7097","Warn","Unhandled","CollisionMeshData couldn't be created because the mesh has been marked as non-accessible. Mesh asset path """" Mesh name """"","
","","",""
"2022-01-21 23:07:13.7097","Warn","Unhandled","CollisionMeshData couldn't be created because the mesh has been marked as non-accessible. Mesh asset path """" Mesh name """"","
","","",""
"2022-01-21 23:07:58.7943","Warn","Unhandled","CollisionMeshData couldn't be created because the mesh has been marked as non-accessible. Mesh asset path """" Mesh name """"","
","","",""
"2022-01-21 23:07:59.2461","Warn","Unhandled","CollisionMeshData couldn't be created because the mesh has been marked as non-accessible. Mesh asset path """" Mesh name """"","
","","",""
"2022-01-21 23:08:12.4767","Warn","Unhandled","CollisionMeshData couldn't be created because the mesh has been marked as non-accessible. Mesh asset path """" Mesh name """"","
","","",""
