"time","level","logger","message","stacktrace","exception.type","exception.message","exception.stacktrace"
"2022-01-29 20:12:36.6447","Warn","Unhandled","Renderer 'talum_LOD0' is registered with more than one LODGroup ('Talem Static' and 'Store Page Manager').","
","","",""
"2022-01-29 20:12:36.6447","Warn","Unhandled","Renderer 'talum_LOD1' is registered with more than one LODGroup ('Talem Static' and 'Store Page Manager').","
","","",""
"2022-01-29 20:12:36.6447","Warn","Unhandled","Renderer 'talum_LOD2' is registered with more than one LODGroup ('Talem Static' and 'Store Page Manager').","
","","",""
"2022-01-29 20:12:36.6447","Warn","Unhandled","Renderer 'talum_LOD0' is registered with more than one LODGroup ('Talem Static' and 'Store Page Manager').","
","","",""
"2022-01-29 20:12:36.6447","Warn","Unhandled","Renderer 'talum_LOD1' is registered with more than one LODGroup ('Talem Static' and 'Store Page Manager').","
","","",""
"2022-01-29 20:12:36.6447","Warn","Unhandled","Renderer 'talum_LOD2' is registered with more than one LODGroup ('Talem Static' and 'Store Page Manager').","
","","",""
"2022-01-29 20:12:37.0132","Warn","Unhandled","CommandBuffer: built-in render texture type 13 not found while executing Unnamed command buffer (Blit source)","
","","",""
"2022-01-29 20:12:37.0132","Warn","Unhandled","CommandBuffer: built-in render texture type 13 not found while executing Unnamed command buffer (Blit destination)","
","","",""
"2022-01-29 20:15:39.8734","Warn","Unhandled","CollisionMeshData couldn't be created because the mesh has been marked as non-accessible. Mesh asset path """" Mesh name """"","
","","",""
"2022-01-29 20:15:40.1685","Warn","Unhandled","CollisionMeshData couldn't be created because the mesh has been marked as non-accessible. Mesh asset path """" Mesh name """"","
","","",""
"2022-01-29 20:15:40.1800","Warn","Unhandled","CollisionMeshData couldn't be created because the mesh has been marked as non-accessible. Mesh asset path """" Mesh name """"","
","","",""
"2022-01-29 20:17:16.0051","Warn","Unhandled","CollisionMeshData couldn't be created because the mesh has been marked as non-accessible. Mesh asset path """" Mesh name """"","
","","",""
"2022-01-29 20:17:16.0051","Warn","Unhandled","CollisionMeshData couldn't be created because the mesh has been marked as non-accessible. Mesh asset path """" Mesh name """"","
","","",""
"2022-01-29 20:17:19.1047","Warn","Unhandled","CollisionMeshData couldn't be created because the mesh has been marked as non-accessible. Mesh asset path """" Mesh name """"","
","","",""
"2022-01-29 20:17:19.1047","Warn","Unhandled","CollisionMeshData couldn't be created because the mesh has been marked as non-accessible. Mesh asset path """" Mesh name """"","
","","",""
"2022-01-29 20:17:23.4798","Warn","Unhandled","CollisionMeshData couldn't be created because the mesh has been marked as non-accessible. Mesh asset path """" Mesh name """"","
","","",""
"2022-01-29 20:17:23.4798","Warn","Unhandled","CollisionMeshData couldn't be created because the mesh has been marked as non-accessible. Mesh asset path """" Mesh name """"","
","","",""
"2022-01-29 20:37:59.1688","Warn","Unhandled","Renderer 'talum_LOD0' is registered with more than one LODGroup ('Talem Static' and 'Store Page Manager').","
","","",""
"2022-01-29 20:37:59.1688","Warn","Unhandled","Renderer 'talum_LOD1' is registered with more than one LODGroup ('Talem Static' and 'Store Page Manager').","
","","",""
"2022-01-29 20:37:59.1688","Warn","Unhandled","Renderer 'talum_LOD2' is registered with more than one LODGroup ('Talem Static' and 'Store Page Manager').","
","","",""
"2022-01-29 20:37:59.1688","Warn","Unhandled","Renderer 'talum_LOD0' is registered with more than one LODGroup ('Talem Static' and 'Store Page Manager').","
","","",""
"2022-01-29 20:37:59.1688","Warn","Unhandled","Renderer 'talum_LOD1' is registered with more than one LODGroup ('Talem Static' and 'Store Page Manager').","
","","",""
"2022-01-29 20:37:59.1688","Warn","Unhandled","Renderer 'talum_LOD2' is registered with more than one LODGroup ('Talem Static' and 'Store Page Manager').","
","","",""
"2022-01-29 20:44:48.4583","Warn","Unhandled","Created eye textures with a ""double wide"" layout.  The ""single-pass"" stereo mode will be used.
","
","","",""
"2022-01-29 20:47:59.6711","Warn","Unhandled","Renderer 'talum_LOD0' is registered with more than one LODGroup ('Talem Static' and 'Store Page Manager').","
","","",""
"2022-01-29 20:47:59.6711","Warn","Unhandled","Renderer 'talum_LOD1' is registered with more than one LODGroup ('Talem Static' and 'Store Page Manager').","
","","",""
"2022-01-29 20:47:59.6761","Warn","Unhandled","Renderer 'talum_LOD2' is registered with more than one LODGroup ('Talem Static' and 'Store Page Manager').","
","","",""
"2022-01-29 20:47:59.6761","Warn","Unhandled","Renderer 'talum_LOD0' is registered with more than one LODGroup ('Talem Static' and 'Store Page Manager').","
","","",""
"2022-01-29 20:47:59.6761","Warn","Unhandled","Renderer 'talum_LOD1' is registered with more than one LODGroup ('Talem Static' and 'Store Page Manager').","
","","",""
"2022-01-29 20:47:59.6761","Warn","Unhandled","Renderer 'talum_LOD2' is registered with more than one LODGroup ('Talem Static' and 'Store Page Manager').","
","","",""
"2022-01-29 20:49:05.7680","Warn","Unhandled","CollisionMeshData couldn't be created because the mesh has been marked as non-accessible. Mesh asset path """" Mesh name """"","
","","",""
"2022-01-29 20:49:07.6489","Warn","Unhandled","CollisionMeshData couldn't be created because the mesh has been marked as non-accessible. Mesh asset path """" Mesh name """"","
","","",""
"2022-01-29 20:49:09.9302","Warn","Unhandled","CollisionMeshData couldn't be created because the mesh has been marked as non-accessible. Mesh asset path """" Mesh name """"","
","","",""
