"time","level","logger","message","stacktrace","exception.type","exception.message","exception.stacktrace"
"2022-01-29 15:48:31.5534","Warn","Unhandled","Renderer 'talum_LOD0' is registered with more than one LODGroup ('Talem Static' and 'Store Page Manager').","
","","",""
"2022-01-29 15:48:31.5534","Warn","Unhandled","Renderer 'talum_LOD1' is registered with more than one LODGroup ('Talem Static' and 'Store Page Manager').","
","","",""
"2022-01-29 15:48:31.5534","Warn","Unhandled","Renderer 'talum_LOD2' is registered with more than one LODGroup ('Talem Static' and 'Store Page Manager').","
","","",""
"2022-01-29 15:48:31.5534","Warn","Unhandled","Renderer 'talum_LOD0' is registered with more than one LODGroup ('Talem Static' and 'Store Page Manager').","
","","",""
"2022-01-29 15:48:31.5534","Warn","Unhandled","Renderer 'talum_LOD1' is registered with more than one LODGroup ('Talem Static' and 'Store Page Manager').","
","","",""
"2022-01-29 15:48:31.5534","Warn","Unhandled","Renderer 'talum_LOD2' is registered with more than one LODGroup ('Talem Static' and 'Store Page Manager').","
","","",""
"2022-01-29 15:48:32.0399","Warn","Unhandled","CommandBuffer: built-in render texture type 13 not found while executing Unnamed command buffer (Blit source)","
","","",""
"2022-01-29 15:48:32.0399","Warn","Unhandled","CommandBuffer: built-in render texture type 13 not found while executing Unnamed command buffer (Blit destination)","
","","",""
"2022-01-29 16:10:17.4293","Warn","Unhandled","Attempt to send to not connected connection {1}","
","","",""
"2022-01-29 16:10:21.4670","Warn","Unhandled","Cannot set the parent of the GameObject 'Grip Point' while it is being destroyed.","
","","",""
"2022-01-29 16:10:21.4670","Warn","Unhandled","Cannot set the parent of the GameObject 'Grip Point' while it is being destroyed.","
","","",""
"2022-01-29 16:10:21.4670","Warn","Unhandled","Cannot set the parent of the GameObject 'Left Hand Target' while its new parent 'wrist_L_jnt' is being destroyed","
","","",""
"2022-01-29 16:10:21.4670","Warn","Unhandled","Cannot set the parent of the GameObject 'Grip Point' while it is being destroyed.","
","","",""
"2022-01-29 16:10:21.4670","Warn","Unhandled","Cannot set the parent of the GameObject 'Left Hand Target' while its new parent 'wrist_L_jnt' is being destroyed","
","","",""
"2022-01-29 16:10:21.4670","Warn","Unhandled","Cannot set the parent of the GameObject 'Grip Point' while it is being destroyed.","
","","",""
"2022-01-29 16:10:21.4670","Warn","Unhandled","Cannot set the parent of the GameObject 'Grip Point' while it is being destroyed.","
","","",""
"2022-01-29 16:10:21.4670","Warn","Unhandled","Cannot set the parent of the GameObject 'Right Hand Target' while its new parent 'wrist_R_jnt' is being destroyed","
","","",""
"2022-01-29 16:10:21.4670","Warn","Unhandled","Cannot set the parent of the GameObject 'Grip Point' while it is being destroyed.","
","","",""
"2022-01-29 16:10:21.4670","Warn","Unhandled","Cannot set the parent of the GameObject 'Right Hand Target' while its new parent 'wrist_R_jnt' is being destroyed","
","","",""
"2022-01-29 16:10:22.4344","Warn","Unhandled","Renderer 'talum_LOD0' is registered with more than one LODGroup ('Talem Static' and 'Store Page Manager').","
","","",""
"2022-01-29 16:10:22.4344","Warn","Unhandled","Renderer 'talum_LOD1' is registered with more than one LODGroup ('Talem Static' and 'Store Page Manager').","
","","",""
"2022-01-29 16:10:22.4344","Warn","Unhandled","Renderer 'talum_LOD2' is registered with more than one LODGroup ('Talem Static' and 'Store Page Manager').","
","","",""
"2022-01-29 16:10:22.4344","Warn","Unhandled","Renderer 'talum_LOD0' is registered with more than one LODGroup ('Talem Static' and 'Store Page Manager').","
","","",""
"2022-01-29 16:10:22.4344","Warn","Unhandled","Renderer 'talum_LOD1' is registered with more than one LODGroup ('Talem Static' and 'Store Page Manager').","
","","",""
"2022-01-29 16:10:22.4344","Warn","Unhandled","Renderer 'talum_LOD2' is registered with more than one LODGroup ('Talem Static' and 'Store Page Manager').","
","","",""
"2022-01-29 16:36:43.9751","Warn","Unhandled","CollisionMeshData couldn't be created because the mesh has been marked as non-accessible. Mesh asset path """" Mesh name """"","
","","",""
"2022-01-29 16:36:47.1838","Warn","Unhandled","CollisionMeshData couldn't be created because the mesh has been marked as non-accessible. Mesh asset path """" Mesh name """"","
","","",""
"2022-01-29 16:36:47.2312","Warn","Unhandled","CollisionMeshData couldn't be created because the mesh has been marked as non-accessible. Mesh asset path """" Mesh name """"","
","","",""
"2022-01-29 16:36:47.2502","Warn","Unhandled","CollisionMeshData couldn't be created because the mesh has been marked as non-accessible. Mesh asset path """" Mesh name """"","
","","",""
"2022-01-29 16:36:47.2662","Warn","Unhandled","CollisionMeshData couldn't be created because the mesh has been marked as non-accessible. Mesh asset path """" Mesh name """"","
","","",""
"2022-01-29 16:36:47.2811","Warn","Unhandled","CollisionMeshData couldn't be created because the mesh has been marked as non-accessible. Mesh asset path """" Mesh name """"","
","","",""
"2022-01-29 16:36:47.2811","Warn","Unhandled","CollisionMeshData couldn't be created because the mesh has been marked as non-accessible. Mesh asset path """" Mesh name """"","
","","",""
"2022-01-29 16:36:47.2986","Warn","Unhandled","CollisionMeshData couldn't be created because the mesh has been marked as non-accessible. Mesh asset path """" Mesh name """"","
","","",""
"2022-01-29 16:36:47.2986","Warn","Unhandled","CollisionMeshData couldn't be created because the mesh has been marked as non-accessible. Mesh asset path """" Mesh name """"","
","","",""
"2022-01-29 16:36:47.5339","Warn","Unhandled","CollisionMeshData couldn't be created because the mesh has been marked as non-accessible. Mesh asset path """" Mesh name """"","
","","",""
"2022-01-29 16:48:42.5426","Warn","Unhandled","Renderer 'talum_LOD0' is registered with more than one LODGroup ('Talem Static' and 'Store Page Manager').","
","","",""
"2022-01-29 16:48:42.5426","Warn","Unhandled","Renderer 'talum_LOD1' is registered with more than one LODGroup ('Talem Static' and 'Store Page Manager').","
","","",""
"2022-01-29 16:48:42.5426","Warn","Unhandled","Renderer 'talum_LOD2' is registered with more than one LODGroup ('Talem Static' and 'Store Page Manager').","
","","",""
"2022-01-29 16:48:42.5426","Warn","Unhandled","Renderer 'talum_LOD0' is registered with more than one LODGroup ('Talem Static' and 'Store Page Manager').","
","","",""
"2022-01-29 16:48:42.5426","Warn","Unhandled","Renderer 'talum_LOD1' is registered with more than one LODGroup ('Talem Static' and 'Store Page Manager').","
","","",""
"2022-01-29 16:48:42.5426","Warn","Unhandled","Renderer 'talum_LOD2' is registered with more than one LODGroup ('Talem Static' and 'Store Page Manager').","
","","",""
"2022-01-29 17:55:58.3538","Warn","Unhandled","Created eye textures with a ""double wide"" layout.  The ""single-pass"" stereo mode will be used.
","
","","",""
"2022-01-29 17:56:36.0927","Warn","Unhandled","CollisionMeshData couldn't be created because the mesh has been marked as non-accessible. Mesh asset path """" Mesh name """"","
","","",""
"2022-01-29 17:56:36.9337","Warn","Unhandled","CollisionMeshData couldn't be created because the mesh has been marked as non-accessible. Mesh asset path """" Mesh name """"","
","","",""
"2022-01-29 17:56:36.9869","Warn","Unhandled","CollisionMeshData couldn't be created because the mesh has been marked as non-accessible. Mesh asset path """" Mesh name """"","
","","",""
"2022-01-29 17:56:37.0161","Warn","Unhandled","CollisionMeshData couldn't be created because the mesh has been marked as non-accessible. Mesh asset path """" Mesh name """"","
","","",""
"2022-01-29 17:56:37.0417","Warn","Unhandled","CollisionMeshData couldn't be created because the mesh has been marked as non-accessible. Mesh asset path """" Mesh name """"","
","","",""
"2022-01-29 17:56:37.0683","Warn","Unhandled","CollisionMeshData couldn't be created because the mesh has been marked as non-accessible. Mesh asset path """" Mesh name """"","
","","",""
"2022-01-29 17:56:37.0683","Warn","Unhandled","CollisionMeshData couldn't be created because the mesh has been marked as non-accessible. Mesh asset path """" Mesh name """"","
","","",""
"2022-01-29 17:56:37.0964","Warn","Unhandled","CollisionMeshData couldn't be created because the mesh has been marked as non-accessible. Mesh asset path """" Mesh name """"","
","","",""
"2022-01-29 17:56:37.0964","Warn","Unhandled","CollisionMeshData couldn't be created because the mesh has been marked as non-accessible. Mesh asset path """" Mesh name """"","
","","",""
"2022-01-29 17:56:37.5142","Warn","Unhandled","CollisionMeshData couldn't be created because the mesh has been marked as non-accessible. Mesh asset path """" Mesh name """"","
","","",""
"2022-01-29 17:57:23.9410","Warn","Unhandled","CollisionMeshData couldn't be created because the mesh has been marked as non-accessible. Mesh asset path """" Mesh name """"","
","","",""
"2022-01-29 17:57:24.5021","Warn","Unhandled","CollisionMeshData couldn't be created because the mesh has been marked as non-accessible. Mesh asset path """" Mesh name """"","
","","",""
"2022-01-29 17:59:44.5219","Warn","Unhandled","CollisionMeshData couldn't be created because the mesh has been marked as non-accessible. Mesh asset path """" Mesh name """"","
","","",""
"2022-01-29 17:59:44.5219","Warn","Unhandled","CollisionMeshData couldn't be created because the mesh has been marked as non-accessible. Mesh asset path """" Mesh name """"","
","","",""
"2022-01-29 17:59:45.6643","Warn","Unhandled","CollisionMeshData couldn't be created because the mesh has been marked as non-accessible. Mesh asset path """" Mesh name """"","
","","",""
"2022-01-29 18:06:15.6554","Warn","Unhandled","CollisionMeshData couldn't be created because the mesh has been marked as non-accessible. Mesh asset path """" Mesh name """"","
","","",""
"2022-01-29 18:06:15.9318","Warn","Unhandled","CollisionMeshData couldn't be created because the mesh has been marked as non-accessible. Mesh asset path """" Mesh name """"","
","","",""
"2022-01-29 18:07:54.0396","Warn","Unhandled","CollisionMeshData couldn't be created because the mesh has been marked as non-accessible. Mesh asset path """" Mesh name """"","
","","",""
"2022-01-29 18:07:54.5999","Warn","Unhandled","CollisionMeshData couldn't be created because the mesh has been marked as non-accessible. Mesh asset path """" Mesh name """"","
","","",""
"2022-01-29 18:08:56.0968","Warn","Unhandled","CollisionMeshData couldn't be created because the mesh has been marked as non-accessible. Mesh asset path """" Mesh name """"","
","","",""
"2022-01-29 18:09:00.7603","Warn","Unhandled","CollisionMeshData couldn't be created because the mesh has been marked as non-accessible. Mesh asset path """" Mesh name """"","
","","",""
"2022-01-29 18:10:16.2438","Warn","Unhandled","CollisionMeshData couldn't be created because the mesh has been marked as non-accessible. Mesh asset path """" Mesh name """"","
","","",""
"2022-01-29 18:10:16.8049","Warn","Unhandled","CollisionMeshData couldn't be created because the mesh has been marked as non-accessible. Mesh asset path """" Mesh name """"","
","","",""
"2022-01-29 18:11:03.6648","Warn","Unhandled","CollisionMeshData couldn't be created because the mesh has been marked as non-accessible. Mesh asset path """" Mesh name """"","
","","",""
"2022-01-29 18:11:04.2222","Warn","Unhandled","CollisionMeshData couldn't be created because the mesh has been marked as non-accessible. Mesh asset path """" Mesh name """"","
","","",""
"2022-01-29 18:12:07.2499","Warn","Unhandled","Kinematic body only supports Speculative Continuous collision detection","
","","",""
"2022-01-29 18:12:12.7474","Warn","Unhandled","Kinematic body only supports Speculative Continuous collision detection","
","","",""
"2022-01-29 18:12:17.1470","Warn","Unhandled","Kinematic body only supports Speculative Continuous collision detection","
","","",""
"2022-01-29 18:12:19.6115","Warn","Unhandled","Kinematic body only supports Speculative Continuous collision detection","
","","",""
"2022-01-29 18:12:20.7791","Warn","Unhandled","Kinematic body only supports Speculative Continuous collision detection","
","","",""
"2022-01-29 18:12:23.3958","Warn","Unhandled","Kinematic body only supports Speculative Continuous collision detection","
","","",""
"2022-01-29 18:18:15.2676","Warn","Unhandled","CollisionMeshData couldn't be created because the mesh has been marked as non-accessible. Mesh asset path """" Mesh name """"","
","","",""
"2022-01-29 18:18:15.5532","Warn","Unhandled","CollisionMeshData couldn't be created because the mesh has been marked as non-accessible. Mesh asset path """" Mesh name """"","
","","",""
"2022-01-29 18:21:56.7960","Warn","Unhandled","Kinematic body only supports Speculative Continuous collision detection","
","","",""
"2022-01-29 18:29:31.9534","Warn","Unhandled","Kinematic body only supports Speculative Continuous collision detection","
","","",""
"2022-01-29 18:29:35.9349","Warn","Unhandled","Kinematic body only supports Speculative Continuous collision detection","
","","",""
"2022-01-29 18:29:40.3893","Warn","Unhandled","Kinematic body only supports Speculative Continuous collision detection","
","","",""
"2022-01-29 18:34:17.8090","Warn","Unhandled","Kinematic body only supports Speculative Continuous collision detection","
","","",""
"2022-01-29 18:44:47.1160","Warn","Unhandled","CollisionMeshData couldn't be created because the mesh has been marked as non-accessible. Mesh asset path """" Mesh name """"","
","","",""
"2022-01-29 18:44:47.7021","Warn","Unhandled","CollisionMeshData couldn't be created because the mesh has been marked as non-accessible. Mesh asset path """" Mesh name """"","
","","",""
"2022-01-29 18:44:47.7580","Warn","Unhandled","CollisionMeshData couldn't be created because the mesh has been marked as non-accessible. Mesh asset path """" Mesh name """"","
","","",""
"2022-01-29 18:44:47.7851","Warn","Unhandled","CollisionMeshData couldn't be created because the mesh has been marked as non-accessible. Mesh asset path """" Mesh name """"","
","","",""
"2022-01-29 18:44:47.8118","Warn","Unhandled","CollisionMeshData couldn't be created because the mesh has been marked as non-accessible. Mesh asset path """" Mesh name """"","
","","",""
"2022-01-29 18:44:47.8118","Warn","Unhandled","CollisionMeshData couldn't be created because the mesh has been marked as non-accessible. Mesh asset path """" Mesh name """"","
","","",""
"2022-01-29 18:44:47.8423","Warn","Unhandled","CollisionMeshData couldn't be created because the mesh has been marked as non-accessible. Mesh asset path """" Mesh name """"","
","","",""
"2022-01-29 18:44:47.8423","Warn","Unhandled","CollisionMeshData couldn't be created because the mesh has been marked as non-accessible. Mesh asset path """" Mesh name """"","
","","",""
"2022-01-29 18:44:48.2572","Warn","Unhandled","CollisionMeshData couldn't be created because the mesh has been marked as non-accessible. Mesh asset path """" Mesh name """"","
","","",""
"2022-01-29 18:45:53.1517","Warn","Unhandled","CollisionMeshData couldn't be created because the mesh has been marked as non-accessible. Mesh asset path """" Mesh name """"","
","","",""
"2022-01-29 18:46:01.5871","Warn","Unhandled","CollisionMeshData couldn't be created because the mesh has been marked as non-accessible. Mesh asset path """" Mesh name """"","
","","",""
"2022-01-29 18:46:23.5284","Warn","Unhandled","Not allowed to access uv4 on mesh 'timberBuilderBlock_05_Atlased(Clone)' (isReadable is false; Read/Write must be enabled in import settings)","
","","",""
"2022-01-29 18:46:23.5284","Warn","Unhandled","Not allowed to access uv4 on mesh 'timberBuilderBlock_06_Atlased(Clone)' (isReadable is false; Read/Write must be enabled in import settings)","
","","",""
"2022-01-29 18:46:23.5284","Warn","Unhandled","Not allowed to access uv4 on mesh 'timberBuilderBlock_04_Atlased(Clone)' (isReadable is false; Read/Write must be enabled in import settings)","
","","",""
"2022-01-29 18:46:23.5284","Warn","Unhandled","Not allowed to access uv4 on mesh 'timberBuilderBlock_02_Atlased(Clone)' (isReadable is false; Read/Write must be enabled in import settings)","
","","",""
"2022-01-29 18:46:23.5284","Warn","Unhandled","Not allowed to access uv4 on mesh 'timberBuilderBlock_03_Atlased(Clone)' (isReadable is false; Read/Write must be enabled in import settings)","
","","",""
"2022-01-29 18:46:23.5284","Warn","Unhandled","Not allowed to access uv4 on mesh 'timberBuilderBlock_01_Atlased(Clone)' (isReadable is false; Read/Write must be enabled in import settings)","
","","",""
"2022-01-29 18:46:24.5306","Warn","Unhandled","Not allowed to access uv4 on mesh 'timberBuilderBlock_05_Atlased(Clone)(Clone)' (isReadable is false; Read/Write must be enabled in import settings)","
","","",""
"2022-01-29 18:46:24.5306","Warn","Unhandled","Not allowed to access uv4 on mesh 'timberBuilderBlock_06_Atlased(Clone)(Clone)' (isReadable is false; Read/Write must be enabled in import settings)","
","","",""
"2022-01-29 18:46:24.5306","Warn","Unhandled","Not allowed to access uv4 on mesh 'timberBuilderBlock_04_Atlased(Clone)(Clone)' (isReadable is false; Read/Write must be enabled in import settings)","
","","",""
"2022-01-29 18:46:24.5306","Warn","Unhandled","Not allowed to access uv4 on mesh 'timberBuilderBlock_02_Atlased(Clone)(Clone)' (isReadable is false; Read/Write must be enabled in import settings)","
","","",""
"2022-01-29 18:46:24.5306","Warn","Unhandled","Not allowed to access uv4 on mesh 'timberBuilderBlock_03_Atlased(Clone)(Clone)' (isReadable is false; Read/Write must be enabled in import settings)","
","","",""
"2022-01-29 18:46:24.5306","Warn","Unhandled","Not allowed to access uv4 on mesh 'timberBuilderBlock_01_Atlased(Clone)(Clone)' (isReadable is false; Read/Write must be enabled in import settings)","
","","",""
"2022-01-29 18:46:24.5306","Warn","Unhandled","Not allowed to access uv4 on mesh 'timberBuilderBlock_05_Atlased(Clone)(Clone)(Clone)' (isReadable is false; Read/Write must be enabled in import settings)","
","","",""
"2022-01-29 18:46:24.5306","Warn","Unhandled","Not allowed to access uv4 on mesh 'timberBuilderBlock_06_Atlased(Clone)(Clone)(Clone)' (isReadable is false; Read/Write must be enabled in import settings)","
","","",""
"2022-01-29 18:46:24.5306","Warn","Unhandled","Not allowed to access uv4 on mesh 'timberBuilderBlock_04_Atlased(Clone)(Clone)(Clone)' (isReadable is false; Read/Write must be enabled in import settings)","
","","",""
"2022-01-29 18:46:24.5306","Warn","Unhandled","Not allowed to access uv4 on mesh 'timberBuilderBlock_02_Atlased(Clone)(Clone)(Clone)' (isReadable is false; Read/Write must be enabled in import settings)","
","","",""
"2022-01-29 18:46:24.5306","Warn","Unhandled","Not allowed to access uv4 on mesh 'timberBuilderBlock_03_Atlased(Clone)(Clone)(Clone)' (isReadable is false; Read/Write must be enabled in import settings)","
","","",""
"2022-01-29 18:46:24.5306","Warn","Unhandled","Not allowed to access uv4 on mesh 'timberBuilderBlock_01_Atlased(Clone)(Clone)(Clone)' (isReadable is false; Read/Write must be enabled in import settings)","
","","",""
"2022-01-29 18:46:26.8416","Warn","Unhandled","Not allowed to access uv4 on mesh 'timberBuilderBlock_05_Atlased(Clone)(Clone)(Clone)(Clone)' (isReadable is false; Read/Write must be enabled in import settings)","
","","",""
"2022-01-29 18:46:26.8416","Warn","Unhandled","Not allowed to access uv4 on mesh 'timberBuilderBlock_06_Atlased(Clone)(Clone)(Clone)(Clone)' (isReadable is false; Read/Write must be enabled in import settings)","
","","",""
"2022-01-29 18:46:26.8416","Warn","Unhandled","Not allowed to access uv4 on mesh 'timberBuilderBlock_04_Atlased(Clone)(Clone)(Clone)(Clone)' (isReadable is false; Read/Write must be enabled in import settings)","
","","",""
"2022-01-29 18:46:26.8416","Warn","Unhandled","Not allowed to access uv4 on mesh 'timberBuilderBlock_02_Atlased(Clone)(Clone)(Clone)(Clone)' (isReadable is false; Read/Write must be enabled in import settings)","
","","",""
"2022-01-29 18:46:26.8416","Warn","Unhandled","Not allowed to access uv4 on mesh 'timberBuilderBlock_03_Atlased(Clone)(Clone)(Clone)(Clone)' (isReadable is false; Read/Write must be enabled in import settings)","
","","",""
"2022-01-29 18:46:26.8416","Warn","Unhandled","Not allowed to access uv4 on mesh 'timberBuilderBlock_01_Atlased(Clone)(Clone)(Clone)(Clone)' (isReadable is false; Read/Write must be enabled in import settings)","
","","",""
"2022-01-29 18:46:26.8416","Warn","Unhandled","Not allowed to access uv4 on mesh 'timberBuilderBlock_05_Atlased(Clone)(Clone)(Clone)(Clone)(Clone)' (isReadable is false; Read/Write must be enabled in import settings)","
","","",""
"2022-01-29 18:46:26.8416","Warn","Unhandled","Not allowed to access uv4 on mesh 'timberBuilderBlock_06_Atlased(Clone)(Clone)(Clone)(Clone)(Clone)' (isReadable is false; Read/Write must be enabled in import settings)","
","","",""
"2022-01-29 18:46:26.8416","Warn","Unhandled","Not allowed to access uv4 on mesh 'timberBuilderBlock_04_Atlased(Clone)(Clone)(Clone)(Clone)(Clone)' (isReadable is false; Read/Write must be enabled in import settings)","
","","",""
"2022-01-29 18:46:26.8416","Warn","Unhandled","Not allowed to access uv4 on mesh 'timberBuilderBlock_02_Atlased(Clone)(Clone)(Clone)(Clone)(Clone)' (isReadable is false; Read/Write must be enabled in import settings)","
","","",""
"2022-01-29 18:46:26.8416","Warn","Unhandled","Not allowed to access uv4 on mesh 'timberBuilderBlock_03_Atlased(Clone)(Clone)(Clone)(Clone)(Clone)' (isReadable is false; Read/Write must be enabled in import settings)","
","","",""
"2022-01-29 18:46:26.8416","Warn","Unhandled","Not allowed to access uv4 on mesh 'timberBuilderBlock_01_Atlased(Clone)(Clone)(Clone)(Clone)(Clone)' (isReadable is false; Read/Write must be enabled in import settings)","
","","",""
"2022-01-29 18:46:28.4981","Warn","Unhandled","Not allowed to access uv4 on mesh 'timberBuilderBlock_05_Atlased(Clone)(Clone)(Clone)(Clone)(Clone)(Clone)' (isReadable is false; Read/Write must be enabled in import settings)","
","","",""
"2022-01-29 18:46:28.4981","Warn","Unhandled","Not allowed to access uv4 on mesh 'timberBuilderBlock_06_Atlased(Clone)(Clone)(Clone)(Clone)(Clone)(Clone)' (isReadable is false; Read/Write must be enabled in import settings)","
","","",""
"2022-01-29 18:46:28.4981","Warn","Unhandled","Not allowed to access uv4 on mesh 'timberBuilderBlock_04_Atlased(Clone)(Clone)(Clone)(Clone)(Clone)(Clone)' (isReadable is false; Read/Write must be enabled in import settings)","
","","",""
"2022-01-29 18:46:28.4981","Warn","Unhandled","Not allowed to access uv4 on mesh 'timberBuilderBlock_02_Atlased(Clone)(Clone)(Clone)(Clone)(Clone)(Clone)' (isReadable is false; Read/Write must be enabled in import settings)","
","","",""
"2022-01-29 18:46:28.4981","Warn","Unhandled","Not allowed to access uv4 on mesh 'timberBuilderBlock_03_Atlased(Clone)(Clone)(Clone)(Clone)(Clone)(Clone)' (isReadable is false; Read/Write must be enabled in import settings)","
","","",""
"2022-01-29 18:46:28.4981","Warn","Unhandled","Not allowed to access uv4 on mesh 'timberBuilderBlock_01_Atlased(Clone)(Clone)(Clone)(Clone)(Clone)(Clone)' (isReadable is false; Read/Write must be enabled in import settings)","
","","",""
"2022-01-29 18:46:28.4981","Warn","Unhandled","Not allowed to access uv4 on mesh 'timberBuilderBlock_05_Atlased(Clone)(Clone)(Clone)(Clone)(Clone)(Clone)(Clone)' (isReadable is false; Read/Write must be enabled in import settings)","
","","",""
"2022-01-29 18:46:28.4981","Warn","Unhandled","Not allowed to access uv4 on mesh 'timberBuilderBlock_06_Atlased(Clone)(Clone)(Clone)(Clone)(Clone)(Clone)(Clone)' (isReadable is false; Read/Write must be enabled in import settings)","
","","",""
"2022-01-29 18:46:28.4981","Warn","Unhandled","Not allowed to access uv4 on mesh 'timberBuilderBlock_04_Atlased(Clone)(Clone)(Clone)(Clone)(Clone)(Clone)(Clone)' (isReadable is false; Read/Write must be enabled in import settings)","
","","",""
"2022-01-29 18:46:28.4981","Warn","Unhandled","Not allowed to access uv4 on mesh 'timberBuilderBlock_02_Atlased(Clone)(Clone)(Clone)(Clone)(Clone)(Clone)(Clone)' (isReadable is false; Read/Write must be enabled in import settings)","
","","",""
"2022-01-29 18:46:28.4981","Warn","Unhandled","Not allowed to access uv4 on mesh 'timberBuilderBlock_03_Atlased(Clone)(Clone)(Clone)(Clone)(Clone)(Clone)(Clone)' (isReadable is false; Read/Write must be enabled in import settings)","
","","",""
"2022-01-29 18:46:28.4981","Warn","Unhandled","Not allowed to access uv4 on mesh 'timberBuilderBlock_01_Atlased(Clone)(Clone)(Clone)(Clone)(Clone)(Clone)(Clone)' (isReadable is false; Read/Write must be enabled in import settings)","
","","",""
"2022-01-29 18:46:30.8093","Warn","Unhandled","Not allowed to access uv4 on mesh 'timberBuilderBlock_05_Atlased(Clone)(Clone)(Clone)(Clone)(Clone)(Clone)(Clone)(Clone)' (isReadable is false; Read/Write must be enabled in import settings)","
","","",""
"2022-01-29 18:46:30.8093","Warn","Unhandled","Not allowed to access uv4 on mesh 'timberBuilderBlock_06_Atlased(Clone)(Clone)(Clone)(Clone)(Clone)(Clone)(Clone)(Clone)' (isReadable is false; Read/Write must be enabled in import settings)","
","","",""
"2022-01-29 18:46:30.8093","Warn","Unhandled","Not allowed to access uv4 on mesh 'timberBuilderBlock_04_Atlased(Clone)(Clone)(Clone)(Clone)(Clone)(Clone)(Clone)(Clone)' (isReadable is false; Read/Write must be enabled in import settings)","
","","",""
"2022-01-29 18:46:30.8093","Warn","Unhandled","Not allowed to access uv4 on mesh 'timberBuilderBlock_02_Atlased(Clone)(Clone)(Clone)(Clone)(Clone)(Clone)(Clone)(Clone)' (isReadable is false; Read/Write must be enabled in import settings)","
","","",""
"2022-01-29 18:46:30.8093","Warn","Unhandled","Not allowed to access uv4 on mesh 'timberBuilderBlock_03_Atlased(Clone)(Clone)(Clone)(Clone)(Clone)(Clone)(Clone)(Clone)' (isReadable is false; Read/Write must be enabled in import settings)","
","","",""
"2022-01-29 18:46:30.8093","Warn","Unhandled","Not allowed to access uv4 on mesh 'timberBuilderBlock_01_Atlased(Clone)(Clone)(Clone)(Clone)(Clone)(Clone)(Clone)(Clone)' (isReadable is false; Read/Write must be enabled in import settings)","
","","",""
"2022-01-29 18:46:30.8093","Warn","Unhandled","Not allowed to access uv4 on mesh 'timberBuilderBlock_05_Atlased(Clone)(Clone)(Clone)(Clone)(Clone)(Clone)(Clone)(Clone)(Clone)' (isReadable is false; Read/Write must be enabled in import settings)","
","","",""
"2022-01-29 18:46:30.8093","Warn","Unhandled","Not allowed to access uv4 on mesh 'timberBuilderBlock_06_Atlased(Clone)(Clone)(Clone)(Clone)(Clone)(Clone)(Clone)(Clone)(Clone)' (isReadable is false; Read/Write must be enabled in import settings)","
","","",""
"2022-01-29 18:46:30.8093","Warn","Unhandled","Not allowed to access uv4 on mesh 'timberBuilderBlock_04_Atlased(Clone)(Clone)(Clone)(Clone)(Clone)(Clone)(Clone)(Clone)(Clone)' (isReadable is false; Read/Write must be enabled in import settings)","
","","",""
"2022-01-29 18:46:30.8093","Warn","Unhandled","Not allowed to access uv4 on mesh 'timberBuilderBlock_02_Atlased(Clone)(Clone)(Clone)(Clone)(Clone)(Clone)(Clone)(Clone)(Clone)' (isReadable is false; Read/Write must be enabled in import settings)","
","","",""
"2022-01-29 18:46:30.8093","Warn","Unhandled","Not allowed to access uv4 on mesh 'timberBuilderBlock_03_Atlased(Clone)(Clone)(Clone)(Clone)(Clone)(Clone)(Clone)(Clone)(Clone)' (isReadable is false; Read/Write must be enabled in import settings)","
","","",""
"2022-01-29 18:46:30.8093","Warn","Unhandled","Not allowed to access uv4 on mesh 'timberBuilderBlock_01_Atlased(Clone)(Clone)(Clone)(Clone)(Clone)(Clone)(Clone)(Clone)(Clone)' (isReadable is false; Read/Write must be enabled in import settings)","
","","",""
"2022-01-29 18:46:35.7622","Warn","Unhandled","Not allowed to access uv4 on mesh 'timberBuilderBlock_05_Atlased(Clone)(Clone)(Clone)(Clone)(Clone)(Clone)(Clone)(Clone)(Clone)(Clone)' (isReadable is false; Read/Write must be enabled in import settings)","
","","",""
"2022-01-29 18:46:35.7622","Warn","Unhandled","Not allowed to access uv4 on mesh 'timberBuilderBlock_06_Atlased(Clone)(Clone)(Clone)(Clone)(Clone)(Clone)(Clone)(Clone)(Clone)(Clone)' (isReadable is false; Read/Write must be enabled in import settings)","
","","",""
"2022-01-29 18:46:35.7622","Warn","Unhandled","Not allowed to access uv4 on mesh 'timberBuilderBlock_04_Atlased(Clone)(Clone)(Clone)(Clone)(Clone)(Clone)(Clone)(Clone)(Clone)(Clone)' (isReadable is false; Read/Write must be enabled in import settings)","
","","",""
"2022-01-29 18:46:35.7622","Warn","Unhandled","Not allowed to access uv4 on mesh 'timberBuilderBlock_02_Atlased(Clone)(Clone)(Clone)(Clone)(Clone)(Clone)(Clone)(Clone)(Clone)(Clone)' (isReadable is false; Read/Write must be enabled in import settings)","
","","",""
"2022-01-29 18:46:35.7622","Warn","Unhandled","Not allowed to access uv4 on mesh 'timberBuilderBlock_03_Atlased(Clone)(Clone)(Clone)(Clone)(Clone)(Clone)(Clone)(Clone)(Clone)(Clone)' (isReadable is false; Read/Write must be enabled in import settings)","
","","",""
"2022-01-29 18:46:35.7622","Warn","Unhandled","Not allowed to access uv4 on mesh 'timberBuilderBlock_01_Atlased(Clone)(Clone)(Clone)(Clone)(Clone)(Clone)(Clone)(Clone)(Clone)(Clone)' (isReadable is false; Read/Write must be enabled in import settings)","
","","",""
"2022-01-29 18:46:35.7622","Warn","Unhandled","Not allowed to access uv4 on mesh 'timberBuilderBlock_05_Atlased(Clone)(Clone)(Clone)(Clone)(Clone)(Clone)(Clone)(Clone)(Clone)(Clone)(Clone)' (isReadable is false; Read/Write must be enabled in import settings)","
","","",""
"2022-01-29 18:46:35.7622","Warn","Unhandled","Not allowed to access uv4 on mesh 'timberBuilderBlock_06_Atlased(Clone)(Clone)(Clone)(Clone)(Clone)(Clone)(Clone)(Clone)(Clone)(Clone)(Clone)' (isReadable is false; Read/Write must be enabled in import settings)","
","","",""
"2022-01-29 18:46:35.7622","Warn","Unhandled","Not allowed to access uv4 on mesh 'timberBuilderBlock_04_Atlased(Clone)(Clone)(Clone)(Clone)(Clone)(Clone)(Clone)(Clone)(Clone)(Clone)(Clone)' (isReadable is false; Read/Write must be enabled in import settings)","
","","",""
"2022-01-29 18:46:35.7622","Warn","Unhandled","Not allowed to access uv4 on mesh 'timberBuilderBlock_02_Atlased(Clone)(Clone)(Clone)(Clone)(Clone)(Clone)(Clone)(Clone)(Clone)(Clone)(Clone)' (isReadable is false; Read/Write must be enabled in import settings)","
","","",""
"2022-01-29 18:46:35.7622","Warn","Unhandled","Not allowed to access uv4 on mesh 'timberBuilderBlock_03_Atlased(Clone)(Clone)(Clone)(Clone)(Clone)(Clone)(Clone)(Clone)(Clone)(Clone)(Clone)' (isReadable is false; Read/Write must be enabled in import settings)","
","","",""
"2022-01-29 18:46:35.7622","Warn","Unhandled","Not allowed to access uv4 on mesh 'timberBuilderBlock_01_Atlased(Clone)(Clone)(Clone)(Clone)(Clone)(Clone)(Clone)(Clone)(Clone)(Clone)(Clone)' (isReadable is false; Read/Write must be enabled in import settings)","
","","",""
"2022-01-29 18:46:35.8726","Warn","Unhandled","Not allowed to access uv4 on mesh 'timberBuilderBlock_05_Atlased(Clone)(Clone)(Clone)(Clone)(Clone)(Clone)(Clone)(Clone)(Clone)(Clone)(Clone)(Clone)' (isReadable is false; Read/Write must be enabled in import settings)","
","","",""
"2022-01-29 18:46:35.8726","Warn","Unhandled","Not allowed to access uv4 on mesh 'timberBuilderBlock_06_Atlased(Clone)(Clone)(Clone)(Clone)(Clone)(Clone)(Clone)(Clone)(Clone)(Clone)(Clone)(Clone)' (isReadable is false; Read/Write must be enabled in import settings)","
","","",""
"2022-01-29 18:46:35.8726","Warn","Unhandled","Not allowed to access uv4 on mesh 'timberBuilderBlock_04_Atlased(Clone)(Clone)(Clone)(Clone)(Clone)(Clone)(Clone)(Clone)(Clone)(Clone)(Clone)(Clone)' (isReadable is false; Read/Write must be enabled in import settings)","
","","",""
"2022-01-29 18:46:35.8726","Warn","Unhandled","Not allowed to access uv4 on mesh 'timberBuilderBlock_02_Atlased(Clone)(Clone)(Clone)(Clone)(Clone)(Clone)(Clone)(Clone)(Clone)(Clone)(Clone)(Clone)' (isReadable is false; Read/Write must be enabled in import settings)","
","","",""
"2022-01-29 18:46:35.8726","Warn","Unhandled","Not allowed to access uv4 on mesh 'timberBuilderBlock_03_Atlased(Clone)(Clone)(Clone)(Clone)(Clone)(Clone)(Clone)(Clone)(Clone)(Clone)(Clone)(Clone)' (isReadable is false; Read/Write must be enabled in import settings)","
","","",""
"2022-01-29 18:46:35.8726","Warn","Unhandled","Not allowed to access uv4 on mesh 'timberBuilderBlock_01_Atlased(Clone)(Clone)(Clone)(Clone)(Clone)(Clone)(Clone)(Clone)(Clone)(Clone)(Clone)(Clone)' (isReadable is false; Read/Write must be enabled in import settings)","
","","",""
"2022-01-29 18:46:35.8726","Warn","Unhandled","Not allowed to access uv4 on mesh 'timberBuilderBlock_05_Atlased(Clone)(Clone)(Clone)(Clone)(Clone)(Clone)(Clone)(Clone)(Clone)(Clone)(Clone)(Clone)(Clone)' (isReadable is false; Read/Write must be enabled in import settings)","
","","",""
"2022-01-29 18:46:35.8726","Warn","Unhandled","Not allowed to access uv4 on mesh 'timberBuilderBlock_06_Atlased(Clone)(Clone)(Clone)(Clone)(Clone)(Clone)(Clone)(Clone)(Clone)(Clone)(Clone)(Clone)(Clone)' (isReadable is false; Read/Write must be enabled in import settings)","
","","",""
"2022-01-29 18:46:35.8726","Warn","Unhandled","Not allowed to access uv4 on mesh 'timberBuilderBlock_04_Atlased(Clone)(Clone)(Clone)(Clone)(Clone)(Clone)(Clone)(Clone)(Clone)(Clone)(Clone)(Clone)(Clone)' (isReadable is false; Read/Write must be enabled in import settings)","
","","",""
"2022-01-29 18:46:35.8726","Warn","Unhandled","Not allowed to access uv4 on mesh 'timberBuilderBlock_02_Atlased(Clone)(Clone)(Clone)(Clone)(Clone)(Clone)(Clone)(Clone)(Clone)(Clone)(Clone)(Clone)(Clone)' (isReadable is false; Read/Write must be enabled in import settings)","
","","",""
"2022-01-29 18:46:35.8790","Warn","Unhandled","Not allowed to access uv4 on mesh 'timberBuilderBlock_03_Atlased(Clone)(Clone)(Clone)(Clone)(Clone)(Clone)(Clone)(Clone)(Clone)(Clone)(Clone)(Clone)(Clone)' (isReadable is false; Read/Write must be enabled in import settings)","
","","",""
"2022-01-29 18:46:35.8790","Warn","Unhandled","Not allowed to access uv4 on mesh 'timberBuilderBlock_01_Atlased(Clone)(Clone)(Clone)(Clone)(Clone)(Clone)(Clone)(Clone)(Clone)(Clone)(Clone)(Clone)(Clone)' (isReadable is false; Read/Write must be enabled in import settings)","
","","",""
"2022-01-29 18:46:35.8790","Warn","Unhandled","Not allowed to access uv4 on mesh 'timberBuilderBlock_05_Atlased(Clone)(Clone)(Clone)(Clone)(Clone)(Clone)(Clone)(Clone)(Clone)(Clone)(Clone)(Clone)(Clone)(Clone)' (isReadable is false; Read/Write must be enabled in import settings)","
","","",""
"2022-01-29 18:46:35.8790","Warn","Unhandled","Not allowed to access uv4 on mesh 'timberBuilderBlock_06_Atlased(Clone)(Clone)(Clone)(Clone)(Clone)(Clone)(Clone)(Clone)(Clone)(Clone)(Clone)(Clone)(Clone)(Clone)' (isReadable is false; Read/Write must be enabled in import settings)","
","","",""
"2022-01-29 18:46:35.8790","Warn","Unhandled","Not allowed to access uv4 on mesh 'timberBuilderBlock_04_Atlased(Clone)(Clone)(Clone)(Clone)(Clone)(Clone)(Clone)(Clone)(Clone)(Clone)(Clone)(Clone)(Clone)(Clone)' (isReadable is false; Read/Write must be enabled in import settings)","
","","",""
"2022-01-29 18:46:35.8790","Warn","Unhandled","Not allowed to access uv4 on mesh 'timberBuilderBlock_02_Atlased(Clone)(Clone)(Clone)(Clone)(Clone)(Clone)(Clone)(Clone)(Clone)(Clone)(Clone)(Clone)(Clone)(Clone)' (isReadable is false; Read/Write must be enabled in import settings)","
","","",""
"2022-01-29 18:46:35.8790","Warn","Unhandled","Not allowed to access uv4 on mesh 'timberBuilderBlock_03_Atlased(Clone)(Clone)(Clone)(Clone)(Clone)(Clone)(Clone)(Clone)(Clone)(Clone)(Clone)(Clone)(Clone)(Clone)' (isReadable is false; Read/Write must be enabled in import settings)","
","","",""
"2022-01-29 18:46:35.8790","Warn","Unhandled","Not allowed to access uv4 on mesh 'timberBuilderBlock_01_Atlased(Clone)(Clone)(Clone)(Clone)(Clone)(Clone)(Clone)(Clone)(Clone)(Clone)(Clone)(Clone)(Clone)(Clone)' (isReadable is false; Read/Write must be enabled in import settings)","
","","",""
"2022-01-29 18:46:40.7054","Warn","Unhandled","Not allowed to access uv4 on mesh 'timberBuilderBlock_05_Atlased(Clone)(Clone)(Clone)(Clone)(Clone)(Clone)(Clone)(Clone)(Clone)(Clone)(Clone)(Clone)(Clone)(Clone)(Clone)' (isReadable is false; Read/Write must be enabled in import settings)","
","","",""
"2022-01-29 18:46:40.7054","Warn","Unhandled","Not allowed to access uv4 on mesh 'timberBuilderBlock_06_Atlased(Clone)(Clone)(Clone)(Clone)(Clone)(Clone)(Clone)(Clone)(Clone)(Clone)(Clone)(Clone)(Clone)(Clone)(Clone)' (isReadable is false; Read/Write must be enabled in import settings)","
","","",""
"2022-01-29 18:46:40.7054","Warn","Unhandled","Not allowed to access uv4 on mesh 'timberBuilderBlock_04_Atlased(Clone)(Clone)(Clone)(Clone)(Clone)(Clone)(Clone)(Clone)(Clone)(Clone)(Clone)(Clone)(Clone)(Clone)(Clone)' (isReadable is false; Read/Write must be enabled in import settings)","
","","",""
"2022-01-29 18:46:40.7054","Warn","Unhandled","Not allowed to access uv4 on mesh 'timberBuilderBlock_02_Atlased(Clone)(Clone)(Clone)(Clone)(Clone)(Clone)(Clone)(Clone)(Clone)(Clone)(Clone)(Clone)(Clone)(Clone)(Clone)' (isReadable is false; Read/Write must be enabled in import settings)","
","","",""
"2022-01-29 18:46:40.7079","Warn","Unhandled","Not allowed to access uv4 on mesh 'timberBuilderBlock_03_Atlased(Clone)(Clone)(Clone)(Clone)(Clone)(Clone)(Clone)(Clone)(Clone)(Clone)(Clone)(Clone)(Clone)(Clone)(Clone)' (isReadable is false; Read/Write must be enabled in import settings)","
","","",""
"2022-01-29 18:46:40.7079","Warn","Unhandled","Not allowed to access uv4 on mesh 'timberBuilderBlock_01_Atlased(Clone)(Clone)(Clone)(Clone)(Clone)(Clone)(Clone)(Clone)(Clone)(Clone)(Clone)(Clone)(Clone)(Clone)(Clone)' (isReadable is false; Read/Write must be enabled in import settings)","
","","",""
"2022-01-29 18:46:40.7079","Warn","Unhandled","Not allowed to access uv4 on mesh 'timberBuilderBlock_05_Atlased(Clone)(Clone)(Clone)(Clone)(Clone)(Clone)(Clone)(Clone)(Clone)(Clone)(Clone)(Clone)(Clone)(Clone)(Clone)(Clone)' (isReadable is false; Read/Write must be enabled in import settings)","
","","",""
"2022-01-29 18:46:40.7079","Warn","Unhandled","Not allowed to access uv4 on mesh 'timberBuilderBlock_06_Atlased(Clone)(Clone)(Clone)(Clone)(Clone)(Clone)(Clone)(Clone)(Clone)(Clone)(Clone)(Clone)(Clone)(Clone)(Clone)(Clone)' (isReadable is false; Read/Write must be enabled in import settings)","
","","",""
"2022-01-29 18:46:40.7079","Warn","Unhandled","Not allowed to access uv4 on mesh 'timberBuilderBlock_04_Atlased(Clone)(Clone)(Clone)(Clone)(Clone)(Clone)(Clone)(Clone)(Clone)(Clone)(Clone)(Clone)(Clone)(Clone)(Clone)(Clone)' (isReadable is false; Read/Write must be enabled in import settings)","
","","",""
"2022-01-29 18:46:40.7079","Warn","Unhandled","Not allowed to access uv4 on mesh 'timberBuilderBlock_02_Atlased(Clone)(Clone)(Clone)(Clone)(Clone)(Clone)(Clone)(Clone)(Clone)(Clone)(Clone)(Clone)(Clone)(Clone)(Clone)(Clone)' (isReadable is false; Read/Write must be enabled in import settings)","
","","",""
"2022-01-29 18:46:40.7079","Warn","Unhandled","Not allowed to access uv4 on mesh 'timberBuilderBlock_03_Atlased(Clone)(Clone)(Clone)(Clone)(Clone)(Clone)(Clone)(Clone)(Clone)(Clone)(Clone)(Clone)(Clone)(Clone)(Clone)(Clone)' (isReadable is false; Read/Write must be enabled in import settings)","
","","",""
"2022-01-29 18:46:40.7079","Warn","Unhandled","Not allowed to access uv4 on mesh 'timberBuilderBlock_01_Atlased(Clone)(Clone)(Clone)(Clone)(Clone)(Clone)(Clone)(Clone)(Clone)(Clone)(Clone)(Clone)(Clone)(Clone)(Clone)(Clone)' (isReadable is false; Read/Write must be enabled in import settings)","
","","",""
"2022-01-29 18:46:41.3748","Warn","Unhandled","Not allowed to access uv4 on mesh 'timberBuilderBlock_05_Atlased(Clone)(Clone)(Clone)(Clone)(Clone)(Clone)(Clone)(Clone)(Clone)(Clone)(Clone)(Clone)(Clone)(Clone)(Clone)(Clone)(Clone)' (isReadable is false; Read/Write must be enabled in import settings)","
","","",""
"2022-01-29 18:46:41.3748","Warn","Unhandled","Not allowed to access uv4 on mesh 'timberBuilderBlock_06_Atlased(Clone)(Clone)(Clone)(Clone)(Clone)(Clone)(Clone)(Clone)(Clone)(Clone)(Clone)(Clone)(Clone)(Clone)(Clone)(Clone)(Clone)' (isReadable is false; Read/Write must be enabled in import settings)","
","","",""
"2022-01-29 18:46:41.3748","Warn","Unhandled","Not allowed to access uv4 on mesh 'timberBuilderBlock_04_Atlased(Clone)(Clone)(Clone)(Clone)(Clone)(Clone)(Clone)(Clone)(Clone)(Clone)(Clone)(Clone)(Clone)(Clone)(Clone)(Clone)(Clone)' (isReadable is false; Read/Write must be enabled in import settings)","
","","",""
"2022-01-29 18:46:41.3748","Warn","Unhandled","Not allowed to access uv4 on mesh 'timberBuilderBlock_02_Atlased(Clone)(Clone)(Clone)(Clone)(Clone)(Clone)(Clone)(Clone)(Clone)(Clone)(Clone)(Clone)(Clone)(Clone)(Clone)(Clone)(Clone)' (isReadable is false; Read/Write must be enabled in import settings)","
","","",""
"2022-01-29 18:46:41.3748","Warn","Unhandled","Not allowed to access uv4 on mesh 'timberBuilderBlock_03_Atlased(Clone)(Clone)(Clone)(Clone)(Clone)(Clone)(Clone)(Clone)(Clone)(Clone)(Clone)(Clone)(Clone)(Clone)(Clone)(Clone)(Clone)' (isReadable is false; Read/Write must be enabled in import settings)","
","","",""
"2022-01-29 18:46:41.3748","Warn","Unhandled","Not allowed to access uv4 on mesh 'timberBuilderBlock_01_Atlased(Clone)(Clone)(Clone)(Clone)(Clone)(Clone)(Clone)(Clone)(Clone)(Clone)(Clone)(Clone)(Clone)(Clone)(Clone)(Clone)(Clone)' (isReadable is false; Read/Write must be enabled in import settings)","
","","",""
"2022-01-29 18:46:41.3748","Warn","Unhandled","Not allowed to access uv4 on mesh 'timberBuilderBlock_05_Atlased(Clone)(Clone)(Clone)(Clone)(Clone)(Clone)(Clone)(Clone)(Clone)(Clone)(Clone)(Clone)(Clone)(Clone)(Clone)(Clone)(Clone)(Clone)' (isReadable is false; Read/Write must be enabled in import settings)","
","","",""
"2022-01-29 18:46:41.3748","Warn","Unhandled","Not allowed to access uv4 on mesh 'timberBuilderBlock_06_Atlased(Clone)(Clone)(Clone)(Clone)(Clone)(Clone)(Clone)(Clone)(Clone)(Clone)(Clone)(Clone)(Clone)(Clone)(Clone)(Clone)(Clone)(Clone)' (isReadable is false; Read/Write must be enabled in import settings)","
","","",""
"2022-01-29 18:46:41.3748","Warn","Unhandled","Not allowed to access uv4 on mesh 'timberBuilderBlock_04_Atlased(Clone)(Clone)(Clone)(Clone)(Clone)(Clone)(Clone)(Clone)(Clone)(Clone)(Clone)(Clone)(Clone)(Clone)(Clone)(Clone)(Clone)(Clone)' (isReadable is false; Read/Write must be enabled in import settings)","
","","",""
"2022-01-29 18:46:41.3748","Warn","Unhandled","Not allowed to access uv4 on mesh 'timberBuilderBlock_02_Atlased(Clone)(Clone)(Clone)(Clone)(Clone)(Clone)(Clone)(Clone)(Clone)(Clone)(Clone)(Clone)(Clone)(Clone)(Clone)(Clone)(Clone)(Clone)' (isReadable is false; Read/Write must be enabled in import settings)","
","","",""
"2022-01-29 18:46:41.3748","Warn","Unhandled","Not allowed to access uv4 on mesh 'timberBuilderBlock_03_Atlased(Clone)(Clone)(Clone)(Clone)(Clone)(Clone)(Clone)(Clone)(Clone)(Clone)(Clone)(Clone)(Clone)(Clone)(Clone)(Clone)(Clone)(Clone)' (isReadable is false; Read/Write must be enabled in import settings)","
","","",""
"2022-01-29 18:46:41.3748","Warn","Unhandled","Not allowed to access uv4 on mesh 'timberBuilderBlock_01_Atlased(Clone)(Clone)(Clone)(Clone)(Clone)(Clone)(Clone)(Clone)(Clone)(Clone)(Clone)(Clone)(Clone)(Clone)(Clone)(Clone)(Clone)(Clone)' (isReadable is false; Read/Write must be enabled in import settings)","
","","",""
"2022-01-29 18:46:44.0199","Warn","Unhandled","Not allowed to access uv4 on mesh 'timberBuilderBlock_05_Atlased(Clone)(Clone)(Clone)(Clone)(Clone)(Clone)(Clone)(Clone)(Clone)(Clone)(Clone)(Clone)(Clone)(Clone)(Clone)(Clone)(Clone)(Clone)(Clone)' (isReadable is false; Read/Write must be enabled in import settings)","
","","",""
"2022-01-29 18:46:44.0199","Warn","Unhandled","Not allowed to access uv4 on mesh 'timberBuilderBlock_06_Atlased(Clone)(Clone)(Clone)(Clone)(Clone)(Clone)(Clone)(Clone)(Clone)(Clone)(Clone)(Clone)(Clone)(Clone)(Clone)(Clone)(Clone)(Clone)(Clone)' (isReadable is false; Read/Write must be enabled in import settings)","
","","",""
"2022-01-29 18:46:44.0199","Warn","Unhandled","Not allowed to access uv4 on mesh 'timberBuilderBlock_04_Atlased(Clone)(Clone)(Clone)(Clone)(Clone)(Clone)(Clone)(Clone)(Clone)(Clone)(Clone)(Clone)(Clone)(Clone)(Clone)(Clone)(Clone)(Clone)(Clone)' (isReadable is false; Read/Write must be enabled in import settings)","
","","",""
"2022-01-29 18:46:44.0199","Warn","Unhandled","Not allowed to access uv4 on mesh 'timberBuilderBlock_02_Atlased(Clone)(Clone)(Clone)(Clone)(Clone)(Clone)(Clone)(Clone)(Clone)(Clone)(Clone)(Clone)(Clone)(Clone)(Clone)(Clone)(Clone)(Clone)(Clone)' (isReadable is false; Read/Write must be enabled in import settings)","
","","",""
"2022-01-29 18:46:44.0199","Warn","Unhandled","Not allowed to access uv4 on mesh 'timberBuilderBlock_03_Atlased(Clone)(Clone)(Clone)(Clone)(Clone)(Clone)(Clone)(Clone)(Clone)(Clone)(Clone)(Clone)(Clone)(Clone)(Clone)(Clone)(Clone)(Clone)(Clone)' (isReadable is false; Read/Write must be enabled in import settings)","
","","",""
"2022-01-29 18:46:44.0199","Warn","Unhandled","Not allowed to access uv4 on mesh 'timberBuilderBlock_01_Atlased(Clone)(Clone)(Clone)(Clone)(Clone)(Clone)(Clone)(Clone)(Clone)(Clone)(Clone)(Clone)(Clone)(Clone)(Clone)(Clone)(Clone)(Clone)(Clone)' (isReadable is false; Read/Write must be enabled in import settings)","
","","",""
"2022-01-29 18:46:44.0199","Warn","Unhandled","Not allowed to access uv4 on mesh 'timberBuilderBlock_05_Atlased(Clone)(Clone)(Clone)(Clone)(Clone)(Clone)(Clone)(Clone)(Clone)(Clone)(Clone)(Clone)(Clone)(Clone)(Clone)(Clone)(Clone)(Clone)(Clone)(Clone)' (isReadable is false; Read/Write must be enabled in import settings)","
","","",""
"2022-01-29 18:46:44.0199","Warn","Unhandled","Not allowed to access uv4 on mesh 'timberBuilderBlock_06_Atlased(Clone)(Clone)(Clone)(Clone)(Clone)(Clone)(Clone)(Clone)(Clone)(Clone)(Clone)(Clone)(Clone)(Clone)(Clone)(Clone)(Clone)(Clone)(Clone)(Clone)' (isReadable is false; Read/Write must be enabled in import settings)","
","","",""
"2022-01-29 18:46:44.0199","Warn","Unhandled","Not allowed to access uv4 on mesh 'timberBuilderBlock_04_Atlased(Clone)(Clone)(Clone)(Clone)(Clone)(Clone)(Clone)(Clone)(Clone)(Clone)(Clone)(Clone)(Clone)(Clone)(Clone)(Clone)(Clone)(Clone)(Clone)(Clone)' (isReadable is false; Read/Write must be enabled in import settings)","
","","",""
"2022-01-29 18:46:44.0199","Warn","Unhandled","Not allowed to access uv4 on mesh 'timberBuilderBlock_02_Atlased(Clone)(Clone)(Clone)(Clone)(Clone)(Clone)(Clone)(Clone)(Clone)(Clone)(Clone)(Clone)(Clone)(Clone)(Clone)(Clone)(Clone)(Clone)(Clone)(Clone)' (isReadable is false; Read/Write must be enabled in import settings)","
","","",""
"2022-01-29 18:46:44.0199","Warn","Unhandled","Not allowed to access uv4 on mesh 'timberBuilderBlock_03_Atlased(Clone)(Clone)(Clone)(Clone)(Clone)(Clone)(Clone)(Clone)(Clone)(Clone)(Clone)(Clone)(Clone)(Clone)(Clone)(Clone)(Clone)(Clone)(Clone)(Clone)' (isReadable is false; Read/Write must be enabled in import settings)","
","","",""
"2022-01-29 18:46:44.0199","Warn","Unhandled","Not allowed to access uv4 on mesh 'timberBuilderBlock_01_Atlased(Clone)(Clone)(Clone)(Clone)(Clone)(Clone)(Clone)(Clone)(Clone)(Clone)(Clone)(Clone)(Clone)(Clone)(Clone)(Clone)(Clone)(Clone)(Clone)(Clone)' (isReadable is false; Read/Write must be enabled in import settings)","
","","",""
"2022-01-29 18:46:46.9166","Warn","Unhandled","Not allowed to access uv4 on mesh 'timberBuilderBlock_05_Atlased(Clone)(Clone)(Clone)(Clone)(Clone)(Clone)(Clone)(Clone)(Clone)(Clone)(Clone)(Clone)(Clone)(Clone)(Clone)(Clone)(Clone)(Clone)(Clone)(Clone)(Clone)' (isReadable is false; Read/Write must be enabled in import settings)","
","","",""
"2022-01-29 18:46:46.9166","Warn","Unhandled","Not allowed to access uv4 on mesh 'timberBuilderBlock_06_Atlased(Clone)(Clone)(Clone)(Clone)(Clone)(Clone)(Clone)(Clone)(Clone)(Clone)(Clone)(Clone)(Clone)(Clone)(Clone)(Clone)(Clone)(Clone)(Clone)(Clone)(Clone)' (isReadable is false; Read/Write must be enabled in import settings)","
","","",""
"2022-01-29 18:46:46.9166","Warn","Unhandled","Not allowed to access uv4 on mesh 'timberBuilderBlock_04_Atlased(Clone)(Clone)(Clone)(Clone)(Clone)(Clone)(Clone)(Clone)(Clone)(Clone)(Clone)(Clone)(Clone)(Clone)(Clone)(Clone)(Clone)(Clone)(Clone)(Clone)(Clone)' (isReadable is false; Read/Write must be enabled in import settings)","
","","",""
"2022-01-29 18:46:46.9166","Warn","Unhandled","Not allowed to access uv4 on mesh 'timberBuilderBlock_02_Atlased(Clone)(Clone)(Clone)(Clone)(Clone)(Clone)(Clone)(Clone)(Clone)(Clone)(Clone)(Clone)(Clone)(Clone)(Clone)(Clone)(Clone)(Clone)(Clone)(Clone)(Clone)' (isReadable is false; Read/Write must be enabled in import settings)","
","","",""
"2022-01-29 18:46:46.9166","Warn","Unhandled","Not allowed to access uv4 on mesh 'timberBuilderBlock_03_Atlased(Clone)(Clone)(Clone)(Clone)(Clone)(Clone)(Clone)(Clone)(Clone)(Clone)(Clone)(Clone)(Clone)(Clone)(Clone)(Clone)(Clone)(Clone)(Clone)(Clone)(Clone)' (isReadable is false; Read/Write must be enabled in import settings)","
","","",""
"2022-01-29 18:46:46.9166","Warn","Unhandled","Not allowed to access uv4 on mesh 'timberBuilderBlock_01_Atlased(Clone)(Clone)(Clone)(Clone)(Clone)(Clone)(Clone)(Clone)(Clone)(Clone)(Clone)(Clone)(Clone)(Clone)(Clone)(Clone)(Clone)(Clone)(Clone)(Clone)(Clone)' (isReadable is false; Read/Write must be enabled in import settings)","
","","",""
"2022-01-29 18:46:46.9166","Warn","Unhandled","Not allowed to access uv4 on mesh 'timberBuilderBlock_05_Atlased(Clone)(Clone)(Clone)(Clone)(Clone)(Clone)(Clone)(Clone)(Clone)(Clone)(Clone)(Clone)(Clone)(Clone)(Clone)(Clone)(Clone)(Clone)(Clone)(Clone)(Clone)(Clone)' (isReadable is false; Read/Write must be enabled in import settings)","
","","",""
"2022-01-29 18:46:46.9166","Warn","Unhandled","Not allowed to access uv4 on mesh 'timberBuilderBlock_06_Atlased(Clone)(Clone)(Clone)(Clone)(Clone)(Clone)(Clone)(Clone)(Clone)(Clone)(Clone)(Clone)(Clone)(Clone)(Clone)(Clone)(Clone)(Clone)(Clone)(Clone)(Clone)(Clone)' (isReadable is false; Read/Write must be enabled in import settings)","
","","",""
"2022-01-29 18:46:46.9166","Warn","Unhandled","Not allowed to access uv4 on mesh 'timberBuilderBlock_04_Atlased(Clone)(Clone)(Clone)(Clone)(Clone)(Clone)(Clone)(Clone)(Clone)(Clone)(Clone)(Clone)(Clone)(Clone)(Clone)(Clone)(Clone)(Clone)(Clone)(Clone)(Clone)(Clone)' (isReadable is false; Read/Write must be enabled in import settings)","
","","",""
"2022-01-29 18:46:46.9166","Warn","Unhandled","Not allowed to access uv4 on mesh 'timberBuilderBlock_02_Atlased(Clone)(Clone)(Clone)(Clone)(Clone)(Clone)(Clone)(Clone)(Clone)(Clone)(Clone)(Clone)(Clone)(Clone)(Clone)(Clone)(Clone)(Clone)(Clone)(Clone)(Clone)(Clone)' (isReadable is false; Read/Write must be enabled in import settings)","
","","",""
"2022-01-29 18:46:46.9166","Warn","Unhandled","Not allowed to access uv4 on mesh 'timberBuilderBlock_03_Atlased(Clone)(Clone)(Clone)(Clone)(Clone)(Clone)(Clone)(Clone)(Clone)(Clone)(Clone)(Clone)(Clone)(Clone)(Clone)(Clone)(Clone)(Clone)(Clone)(Clone)(Clone)(Clone)' (isReadable is false; Read/Write must be enabled in import settings)","
","","",""
"2022-01-29 18:46:46.9166","Warn","Unhandled","Not allowed to access uv4 on mesh 'timberBuilderBlock_01_Atlased(Clone)(Clone)(Clone)(Clone)(Clone)(Clone)(Clone)(Clone)(Clone)(Clone)(Clone)(Clone)(Clone)(Clone)(Clone)(Clone)(Clone)(Clone)(Clone)(Clone)(Clone)(Clone)' (isReadable is false; Read/Write must be enabled in import settings)","
","","",""
"2022-01-29 18:46:47.9196","Warn","Unhandled","Not allowed to access uv4 on mesh 'timberBuilderBlock_05_Atlased(Clone)(Clone)(Clone)(Clone)(Clone)(Clone)(Clone)(Clone)(Clone)(Clone)(Clone)(Clone)(Clone)(Clone)(Clone)(Clone)(Clone)(Clone)(Clone)(Clone)(Clone)(Clone)(Clone)' (isReadable is false; Read/Write must be enabled in import settings)","
","","",""
"2022-01-29 18:46:47.9196","Warn","Unhandled","Not allowed to access uv4 on mesh 'timberBuilderBlock_06_Atlased(Clone)(Clone)(Clone)(Clone)(Clone)(Clone)(Clone)(Clone)(Clone)(Clone)(Clone)(Clone)(Clone)(Clone)(Clone)(Clone)(Clone)(Clone)(Clone)(Clone)(Clone)(Clone)(Clone)' (isReadable is false; Read/Write must be enabled in import settings)","
","","",""
"2022-01-29 18:46:47.9196","Warn","Unhandled","Not allowed to access uv4 on mesh 'timberBuilderBlock_04_Atlased(Clone)(Clone)(Clone)(Clone)(Clone)(Clone)(Clone)(Clone)(Clone)(Clone)(Clone)(Clone)(Clone)(Clone)(Clone)(Clone)(Clone)(Clone)(Clone)(Clone)(Clone)(Clone)(Clone)' (isReadable is false; Read/Write must be enabled in import settings)","
","","",""
"2022-01-29 18:46:47.9196","Warn","Unhandled","Not allowed to access uv4 on mesh 'timberBuilderBlock_02_Atlased(Clone)(Clone)(Clone)(Clone)(Clone)(Clone)(Clone)(Clone)(Clone)(Clone)(Clone)(Clone)(Clone)(Clone)(Clone)(Clone)(Clone)(Clone)(Clone)(Clone)(Clone)(Clone)(Clone)' (isReadable is false; Read/Write must be enabled in import settings)","
","","",""
"2022-01-29 18:46:47.9196","Warn","Unhandled","Not allowed to access uv4 on mesh 'timberBuilderBlock_03_Atlased(Clone)(Clone)(Clone)(Clone)(Clone)(Clone)(Clone)(Clone)(Clone)(Clone)(Clone)(Clone)(Clone)(Clone)(Clone)(Clone)(Clone)(Clone)(Clone)(Clone)(Clone)(Clone)(Clone)' (isReadable is false; Read/Write must be enabled in import settings)","
","","",""
"2022-01-29 18:46:47.9196","Warn","Unhandled","Not allowed to access uv4 on mesh 'timberBuilderBlock_01_Atlased(Clone)(Clone)(Clone)(Clone)(Clone)(Clone)(Clone)(Clone)(Clone)(Clone)(Clone)(Clone)(Clone)(Clone)(Clone)(Clone)(Clone)(Clone)(Clone)(Clone)(Clone)(Clone)(Clone)' (isReadable is false; Read/Write must be enabled in import settings)","
","","",""
"2022-01-29 18:46:47.9196","Warn","Unhandled","Not allowed to access uv4 on mesh 'timberBuilderBlock_05_Atlased(Clone)(Clone)(Clone)(Clone)(Clone)(Clone)(Clone)(Clone)(Clone)(Clone)(Clone)(Clone)(Clone)(Clone)(Clone)(Clone)(Clone)(Clone)(Clone)(Clone)(Clone)(Clone)(Clone)(Clone)' (isReadable is false; Read/Write must be enabled in import settings)","
","","",""
"2022-01-29 18:46:47.9196","Warn","Unhandled","Not allowed to access uv4 on mesh 'timberBuilderBlock_06_Atlased(Clone)(Clone)(Clone)(Clone)(Clone)(Clone)(Clone)(Clone)(Clone)(Clone)(Clone)(Clone)(Clone)(Clone)(Clone)(Clone)(Clone)(Clone)(Clone)(Clone)(Clone)(Clone)(Clone)(Clone)' (isReadable is false; Read/Write must be enabled in import settings)","
","","",""
"2022-01-29 18:46:47.9196","Warn","Unhandled","Not allowed to access uv4 on mesh 'timberBuilderBlock_04_Atlased(Clone)(Clone)(Clone)(Clone)(Clone)(Clone)(Clone)(Clone)(Clone)(Clone)(Clone)(Clone)(Clone)(Clone)(Clone)(Clone)(Clone)(Clone)(Clone)(Clone)(Clone)(Clone)(Clone)(Clone)' (isReadable is false; Read/Write must be enabled in import settings)","
","","",""
"2022-01-29 18:46:47.9196","Warn","Unhandled","Not allowed to access uv4 on mesh 'timberBuilderBlock_02_Atlased(Clone)(Clone)(Clone)(Clone)(Clone)(Clone)(Clone)(Clone)(Clone)(Clone)(Clone)(Clone)(Clone)(Clone)(Clone)(Clone)(Clone)(Clone)(Clone)(Clone)(Clone)(Clone)(Clone)(Clone)' (isReadable is false; Read/Write must be enabled in import settings)","
","","",""
"2022-01-29 18:46:47.9196","Warn","Unhandled","Not allowed to access uv4 on mesh 'timberBuilderBlock_03_Atlased(Clone)(Clone)(Clone)(Clone)(Clone)(Clone)(Clone)(Clone)(Clone)(Clone)(Clone)(Clone)(Clone)(Clone)(Clone)(Clone)(Clone)(Clone)(Clone)(Clone)(Clone)(Clone)(Clone)(Clone)' (isReadable is false; Read/Write must be enabled in import settings)","
","","",""
"2022-01-29 18:46:47.9196","Warn","Unhandled","Not allowed to access uv4 on mesh 'timberBuilderBlock_01_Atlased(Clone)(Clone)(Clone)(Clone)(Clone)(Clone)(Clone)(Clone)(Clone)(Clone)(Clone)(Clone)(Clone)(Clone)(Clone)(Clone)(Clone)(Clone)(Clone)(Clone)(Clone)(Clone)(Clone)(Clone)' (isReadable is false; Read/Write must be enabled in import settings)","
","","",""
"2022-01-29 18:46:49.5624","Warn","Unhandled","Not allowed to access uv4 on mesh 'timberBuilderBlock_05_Atlased(Clone)(Clone)(Clone)(Clone)(Clone)(Clone)(Clone)(Clone)(Clone)(Clone)(Clone)(Clone)(Clone)(Clone)(Clone)(Clone)(Clone)(Clone)(Clone)(Clone)(Clone)(Clone)(Clone)(Clone)(Clone)' (isReadable is false; Read/Write must be enabled in import settings)","
","","",""
"2022-01-29 18:46:49.5624","Warn","Unhandled","Not allowed to access uv4 on mesh 'timberBuilderBlock_06_Atlased(Clone)(Clone)(Clone)(Clone)(Clone)(Clone)(Clone)(Clone)(Clone)(Clone)(Clone)(Clone)(Clone)(Clone)(Clone)(Clone)(Clone)(Clone)(Clone)(Clone)(Clone)(Clone)(Clone)(Clone)(Clone)' (isReadable is false; Read/Write must be enabled in import settings)","
","","",""
"2022-01-29 18:46:49.5624","Warn","Unhandled","Not allowed to access uv4 on mesh 'timberBuilderBlock_04_Atlased(Clone)(Clone)(Clone)(Clone)(Clone)(Clone)(Clone)(Clone)(Clone)(Clone)(Clone)(Clone)(Clone)(Clone)(Clone)(Clone)(Clone)(Clone)(Clone)(Clone)(Clone)(Clone)(Clone)(Clone)(Clone)' (isReadable is false; Read/Write must be enabled in import settings)","
","","",""
"2022-01-29 18:46:49.5624","Warn","Unhandled","Not allowed to access uv4 on mesh 'timberBuilderBlock_02_Atlased(Clone)(Clone)(Clone)(Clone)(Clone)(Clone)(Clone)(Clone)(Clone)(Clone)(Clone)(Clone)(Clone)(Clone)(Clone)(Clone)(Clone)(Clone)(Clone)(Clone)(Clone)(Clone)(Clone)(Clone)(Clone)' (isReadable is false; Read/Write must be enabled in import settings)","
","","",""
"2022-01-29 18:46:49.5624","Warn","Unhandled","Not allowed to access uv4 on mesh 'timberBuilderBlock_03_Atlased(Clone)(Clone)(Clone)(Clone)(Clone)(Clone)(Clone)(Clone)(Clone)(Clone)(Clone)(Clone)(Clone)(Clone)(Clone)(Clone)(Clone)(Clone)(Clone)(Clone)(Clone)(Clone)(Clone)(Clone)(Clone)' (isReadable is false; Read/Write must be enabled in import settings)","
","","",""
"2022-01-29 18:46:49.5624","Warn","Unhandled","Not allowed to access uv4 on mesh 'timberBuilderBlock_01_Atlased(Clone)(Clone)(Clone)(Clone)(Clone)(Clone)(Clone)(Clone)(Clone)(Clone)(Clone)(Clone)(Clone)(Clone)(Clone)(Clone)(Clone)(Clone)(Clone)(Clone)(Clone)(Clone)(Clone)(Clone)(Clone)' (isReadable is false; Read/Write must be enabled in import settings)","
","","",""
"2022-01-29 18:46:49.5624","Warn","Unhandled","Not allowed to access uv4 on mesh 'timberBuilderBlock_05_Atlased(Clone)(Clone)(Clone)(Clone)(Clone)(Clone)(Clone)(Clone)(Clone)(Clone)(Clone)(Clone)(Clone)(Clone)(Clone)(Clone)(Clone)(Clone)(Clone)(Clone)(Clone)(Clone)(Clone)(Clone)(Clone)(Clone)' (isReadable is false; Read/Write must be enabled in import settings)","
","","",""
"2022-01-29 18:46:49.5624","Warn","Unhandled","Not allowed to access uv4 on mesh 'timberBuilderBlock_06_Atlased(Clone)(Clone)(Clone)(Clone)(Clone)(Clone)(Clone)(Clone)(Clone)(Clone)(Clone)(Clone)(Clone)(Clone)(Clone)(Clone)(Clone)(Clone)(Clone)(Clone)(Clone)(Clone)(Clone)(Clone)(Clone)(Clone)' (isReadable is false; Read/Write must be enabled in import settings)","
","","",""
"2022-01-29 18:46:49.5624","Warn","Unhandled","Not allowed to access uv4 on mesh 'timberBuilderBlock_04_Atlased(Clone)(Clone)(Clone)(Clone)(Clone)(Clone)(Clone)(Clone)(Clone)(Clone)(Clone)(Clone)(Clone)(Clone)(Clone)(Clone)(Clone)(Clone)(Clone)(Clone)(Clone)(Clone)(Clone)(Clone)(Clone)(Clone)' (isReadable is false; Read/Write must be enabled in import settings)","
","","",""
"2022-01-29 18:46:49.5624","Warn","Unhandled","Not allowed to access uv4 on mesh 'timberBuilderBlock_02_Atlased(Clone)(Clone)(Clone)(Clone)(Clone)(Clone)(Clone)(Clone)(Clone)(Clone)(Clone)(Clone)(Clone)(Clone)(Clone)(Clone)(Clone)(Clone)(Clone)(Clone)(Clone)(Clone)(Clone)(Clone)(Clone)(Clone)' (isReadable is false; Read/Write must be enabled in import settings)","
","","",""
"2022-01-29 18:46:49.5624","Warn","Unhandled","Not allowed to access uv4 on mesh 'timberBuilderBlock_03_Atlased(Clone)(Clone)(Clone)(Clone)(Clone)(Clone)(Clone)(Clone)(Clone)(Clone)(Clone)(Clone)(Clone)(Clone)(Clone)(Clone)(Clone)(Clone)(Clone)(Clone)(Clone)(Clone)(Clone)(Clone)(Clone)(Clone)' (isReadable is false; Read/Write must be enabled in import settings)","
","","",""
"2022-01-29 18:46:49.5624","Warn","Unhandled","Not allowed to access uv4 on mesh 'timberBuilderBlock_01_Atlased(Clone)(Clone)(Clone)(Clone)(Clone)(Clone)(Clone)(Clone)(Clone)(Clone)(Clone)(Clone)(Clone)(Clone)(Clone)(Clone)(Clone)(Clone)(Clone)(Clone)(Clone)(Clone)(Clone)(Clone)(Clone)(Clone)' (isReadable is false; Read/Write must be enabled in import settings)","
","","",""
"2022-01-29 18:46:49.6453","Warn","Unhandled","Not allowed to access uv4 on mesh 'timberBuilderBlock_05_Atlased(Clone)(Clone)(Clone)(Clone)(Clone)(Clone)(Clone)(Clone)(Clone)(Clone)(Clone)(Clone)(Clone)(Clone)(Clone)(Clone)(Clone)(Clone)(Clone)(Clone)(Clone)(Clone)(Clone)(Clone)(Clone)(Clone)(Clone)' (isReadable is false; Read/Write must be enabled in import settings)","
","","",""
"2022-01-29 18:46:49.6453","Warn","Unhandled","Not allowed to access uv4 on mesh 'timberBuilderBlock_06_Atlased(Clone)(Clone)(Clone)(Clone)(Clone)(Clone)(Clone)(Clone)(Clone)(Clone)(Clone)(Clone)(Clone)(Clone)(Clone)(Clone)(Clone)(Clone)(Clone)(Clone)(Clone)(Clone)(Clone)(Clone)(Clone)(Clone)(Clone)' (isReadable is false; Read/Write must be enabled in import settings)","
","","",""
"2022-01-29 18:46:49.6453","Warn","Unhandled","Not allowed to access uv4 on mesh 'timberBuilderBlock_04_Atlased(Clone)(Clone)(Clone)(Clone)(Clone)(Clone)(Clone)(Clone)(Clone)(Clone)(Clone)(Clone)(Clone)(Clone)(Clone)(Clone)(Clone)(Clone)(Clone)(Clone)(Clone)(Clone)(Clone)(Clone)(Clone)(Clone)(Clone)' (isReadable is false; Read/Write must be enabled in import settings)","
","","",""
"2022-01-29 18:46:49.6453","Warn","Unhandled","Not allowed to access uv4 on mesh 'timberBuilderBlock_02_Atlased(Clone)(Clone)(Clone)(Clone)(Clone)(Clone)(Clone)(Clone)(Clone)(Clone)(Clone)(Clone)(Clone)(Clone)(Clone)(Clone)(Clone)(Clone)(Clone)(Clone)(Clone)(Clone)(Clone)(Clone)(Clone)(Clone)(Clone)' (isReadable is false; Read/Write must be enabled in import settings)","
","","",""
"2022-01-29 18:46:49.6453","Warn","Unhandled","Not allowed to access uv4 on mesh 'timberBuilderBlock_03_Atlased(Clone)(Clone)(Clone)(Clone)(Clone)(Clone)(Clone)(Clone)(Clone)(Clone)(Clone)(Clone)(Clone)(Clone)(Clone)(Clone)(Clone)(Clone)(Clone)(Clone)(Clone)(Clone)(Clone)(Clone)(Clone)(Clone)(Clone)' (isReadable is false; Read/Write must be enabled in import settings)","
","","",""
"2022-01-29 18:46:49.6453","Warn","Unhandled","Not allowed to access uv4 on mesh 'timberBuilderBlock_01_Atlased(Clone)(Clone)(Clone)(Clone)(Clone)(Clone)(Clone)(Clone)(Clone)(Clone)(Clone)(Clone)(Clone)(Clone)(Clone)(Clone)(Clone)(Clone)(Clone)(Clone)(Clone)(Clone)(Clone)(Clone)(Clone)(Clone)(Clone)' (isReadable is false; Read/Write must be enabled in import settings)","
","","",""
"2022-01-29 18:46:49.6453","Warn","Unhandled","Not allowed to access uv4 on mesh 'timberBuilderBlock_05_Atlased(Clone)(Clone)(Clone)(Clone)(Clone)(Clone)(Clone)(Clone)(Clone)(Clone)(Clone)(Clone)(Clone)(Clone)(Clone)(Clone)(Clone)(Clone)(Clone)(Clone)(Clone)(Clone)(Clone)(Clone)(Clone)(Clone)(Clone)(Clone)' (isReadable is false; Read/Write must be enabled in import settings)","
","","",""
"2022-01-29 18:46:49.6453","Warn","Unhandled","Not allowed to access uv4 on mesh 'timberBuilderBlock_06_Atlased(Clone)(Clone)(Clone)(Clone)(Clone)(Clone)(Clone)(Clone)(Clone)(Clone)(Clone)(Clone)(Clone)(Clone)(Clone)(Clone)(Clone)(Clone)(Clone)(Clone)(Clone)(Clone)(Clone)(Clone)(Clone)(Clone)(Clone)(Clone)' (isReadable is false; Read/Write must be enabled in import settings)","
","","",""
"2022-01-29 18:46:49.6453","Warn","Unhandled","Not allowed to access uv4 on mesh 'timberBuilderBlock_04_Atlased(Clone)(Clone)(Clone)(Clone)(Clone)(Clone)(Clone)(Clone)(Clone)(Clone)(Clone)(Clone)(Clone)(Clone)(Clone)(Clone)(Clone)(Clone)(Clone)(Clone)(Clone)(Clone)(Clone)(Clone)(Clone)(Clone)(Clone)(Clone)' (isReadable is false; Read/Write must be enabled in import settings)","
","","",""
"2022-01-29 18:46:49.6453","Warn","Unhandled","Not allowed to access uv4 on mesh 'timberBuilderBlock_02_Atlased(Clone)(Clone)(Clone)(Clone)(Clone)(Clone)(Clone)(Clone)(Clone)(Clone)(Clone)(Clone)(Clone)(Clone)(Clone)(Clone)(Clone)(Clone)(Clone)(Clone)(Clone)(Clone)(Clone)(Clone)(Clone)(Clone)(Clone)(Clone)' (isReadable is false; Read/Write must be enabled in import settings)","
","","",""
"2022-01-29 18:46:49.6453","Warn","Unhandled","Not allowed to access uv4 on mesh 'timberBuilderBlock_03_Atlased(Clone)(Clone)(Clone)(Clone)(Clone)(Clone)(Clone)(Clone)(Clone)(Clone)(Clone)(Clone)(Clone)(Clone)(Clone)(Clone)(Clone)(Clone)(Clone)(Clone)(Clone)(Clone)(Clone)(Clone)(Clone)(Clone)(Clone)(Clone)' (isReadable is false; Read/Write must be enabled in import settings)","
","","",""
"2022-01-29 18:46:49.6453","Warn","Unhandled","Not allowed to access uv4 on mesh 'timberBuilderBlock_01_Atlased(Clone)(Clone)(Clone)(Clone)(Clone)(Clone)(Clone)(Clone)(Clone)(Clone)(Clone)(Clone)(Clone)(Clone)(Clone)(Clone)(Clone)(Clone)(Clone)(Clone)(Clone)(Clone)(Clone)(Clone)(Clone)(Clone)(Clone)(Clone)' (isReadable is false; Read/Write must be enabled in import settings)","
","","",""
"2022-01-29 18:46:49.6453","Warn","Unhandled","Not allowed to access uv4 on mesh 'timberBuilderBlock_05_Atlased(Clone)(Clone)(Clone)(Clone)(Clone)(Clone)(Clone)(Clone)(Clone)(Clone)(Clone)(Clone)(Clone)(Clone)(Clone)(Clone)(Clone)(Clone)(Clone)(Clone)(Clone)(Clone)(Clone)(Clone)(Clone)(Clone)(Clone)(Clone)(Clone)' (isReadable is false; Read/Write must be enabled in import settings)","
","","",""
"2022-01-29 18:46:49.6453","Warn","Unhandled","Not allowed to access uv4 on mesh 'timberBuilderBlock_06_Atlased(Clone)(Clone)(Clone)(Clone)(Clone)(Clone)(Clone)(Clone)(Clone)(Clone)(Clone)(Clone)(Clone)(Clone)(Clone)(Clone)(Clone)(Clone)(Clone)(Clone)(Clone)(Clone)(Clone)(Clone)(Clone)(Clone)(Clone)(Clone)(Clone)' (isReadable is false; Read/Write must be enabled in import settings)","
","","",""
"2022-01-29 18:46:49.6453","Warn","Unhandled","Not allowed to access uv4 on mesh 'timberBuilderBlock_04_Atlased(Clone)(Clone)(Clone)(Clone)(Clone)(Clone)(Clone)(Clone)(Clone)(Clone)(Clone)(Clone)(Clone)(Clone)(Clone)(Clone)(Clone)(Clone)(Clone)(Clone)(Clone)(Clone)(Clone)(Clone)(Clone)(Clone)(Clone)(Clone)(Clone)' (isReadable is false; Read/Write must be enabled in import settings)","
","","",""
"2022-01-29 18:46:49.6453","Warn","Unhandled","Not allowed to access uv4 on mesh 'timberBuilderBlock_02_Atlased(Clone)(Clone)(Clone)(Clone)(Clone)(Clone)(Clone)(Clone)(Clone)(Clone)(Clone)(Clone)(Clone)(Clone)(Clone)(Clone)(Clone)(Clone)(Clone)(Clone)(Clone)(Clone)(Clone)(Clone)(Clone)(Clone)(Clone)(Clone)(Clone)' (isReadable is false; Read/Write must be enabled in import settings)","
","","",""
"2022-01-29 18:46:49.6453","Warn","Unhandled","Not allowed to access uv4 on mesh 'timberBuilderBlock_03_Atlased(Clone)(Clone)(Clone)(Clone)(Clone)(Clone)(Clone)(Clone)(Clone)(Clone)(Clone)(Clone)(Clone)(Clone)(Clone)(Clone)(Clone)(Clone)(Clone)(Clone)(Clone)(Clone)(Clone)(Clone)(Clone)(Clone)(Clone)(Clone)(Clone)' (isReadable is false; Read/Write must be enabled in import settings)","
","","",""
"2022-01-29 18:46:49.6453","Warn","Unhandled","Not allowed to access uv4 on mesh 'timberBuilderBlock_01_Atlased(Clone)(Clone)(Clone)(Clone)(Clone)(Clone)(Clone)(Clone)(Clone)(Clone)(Clone)(Clone)(Clone)(Clone)(Clone)(Clone)(Clone)(Clone)(Clone)(Clone)(Clone)(Clone)(Clone)(Clone)(Clone)(Clone)(Clone)(Clone)(Clone)' (isReadable is false; Read/Write must be enabled in import settings)","
","","",""
"2022-01-29 18:56:42.5464","Warn","Unhandled","CollisionMeshData couldn't be created because the mesh has been marked as non-accessible. Mesh asset path """" Mesh name """"","
","","",""
"2022-01-29 18:56:42.7952","Warn","Unhandled","CollisionMeshData couldn't be created because the mesh has been marked as non-accessible. Mesh asset path """" Mesh name """"","
","","",""
"2022-01-29 18:58:30.3726","Warn","Unhandled","CollisionMeshData couldn't be created because the mesh has been marked as non-accessible. Mesh asset path """" Mesh name """"","
","","",""
"2022-01-29 18:58:30.8583","Warn","Unhandled","CollisionMeshData couldn't be created because the mesh has been marked as non-accessible. Mesh asset path """" Mesh name """"","
","","",""
"2022-01-29 19:09:20.5053","Warn","Unhandled","Attempt to send to not connected connection {1}","
","","",""
