"time","level","logger","message","stacktrace","exception.type","exception.message","exception.stacktrace"
"2022-01-26 19:28:04.8543","Warn","Unhandled","Renderer 'talum_LOD0' is registered with more than one LODGroup ('Talem Static' and 'Store Page Manager').","
","","",""
"2022-01-26 19:28:04.8543","Warn","Unhandled","Renderer 'talum_LOD1' is registered with more than one LODGroup ('Talem Static' and 'Store Page Manager').","
","","",""
"2022-01-26 19:28:04.8543","Warn","Unhandled","Renderer 'talum_LOD2' is registered with more than one LODGroup ('Talem Static' and 'Store Page Manager').","
","","",""
"2022-01-26 19:28:04.8543","Warn","Unhandled","Renderer 'talum_LOD0' is registered with more than one LODGroup ('Talem Static' and 'Store Page Manager').","
","","",""
"2022-01-26 19:28:04.8543","Warn","Unhandled","Renderer 'talum_LOD1' is registered with more than one LODGroup ('Talem Static' and 'Store Page Manager').","
","","",""
"2022-01-26 19:28:04.8543","Warn","Unhandled","Renderer 'talum_LOD2' is registered with more than one LODGroup ('Talem Static' and 'Store Page Manager').","
","","",""
"2022-01-26 19:28:05.3283","Warn","Unhandled","CommandBuffer: built-in render texture type 13 not found while executing Unnamed command buffer (Blit source)","
","","",""
"2022-01-26 19:28:05.3283","Warn","Unhandled","CommandBuffer: built-in render texture type 13 not found while executing Unnamed command buffer (Blit destination)","
","","",""
"2022-01-26 19:35:39.6263","Warn","Unhandled","CollisionMeshData couldn't be created because the mesh has been marked as non-accessible. Mesh asset path """" Mesh name """"","
","","",""
"2022-01-26 19:35:39.6424","Warn","Unhandled","CollisionMeshData couldn't be created because the mesh has been marked as non-accessible. Mesh asset path """" Mesh name """"","
","","",""
"2022-01-26 19:35:40.8393","Warn","Unhandled","CollisionMeshData couldn't be created because the mesh has been marked as non-accessible. Mesh asset path """" Mesh name """"","
","","",""
"2022-01-26 19:35:40.8565","Warn","Unhandled","CollisionMeshData couldn't be created because the mesh has been marked as non-accessible. Mesh asset path """" Mesh name """"","
","","",""
"2022-01-26 19:35:40.8565","Warn","Unhandled","CollisionMeshData couldn't be created because the mesh has been marked as non-accessible. Mesh asset path """" Mesh name """"","
","","",""
"2022-01-26 19:35:40.8720","Warn","Unhandled","CollisionMeshData couldn't be created because the mesh has been marked as non-accessible. Mesh asset path """" Mesh name """"","
","","",""
"2022-01-26 19:35:40.8720","Warn","Unhandled","CollisionMeshData couldn't be created because the mesh has been marked as non-accessible. Mesh asset path """" Mesh name """"","
","","",""
"2022-01-26 19:35:40.8720","Warn","Unhandled","CollisionMeshData couldn't be created because the mesh has been marked as non-accessible. Mesh asset path """" Mesh name """"","
","","",""
"2022-01-26 19:35:40.8943","Warn","Unhandled","CollisionMeshData couldn't be created because the mesh has been marked as non-accessible. Mesh asset path """" Mesh name """"","
","","",""
"2022-01-26 19:35:40.8943","Warn","Unhandled","CollisionMeshData couldn't be created because the mesh has been marked as non-accessible. Mesh asset path """" Mesh name """"","
","","",""
"2022-01-26 19:36:36.7339","Warn","Unhandled","CollisionMeshData couldn't be created because the mesh has been marked as non-accessible. Mesh asset path """" Mesh name """"","
","","",""
"2022-01-26 19:36:36.7572","Warn","Unhandled","CollisionMeshData couldn't be created because the mesh has been marked as non-accessible. Mesh asset path """" Mesh name """"","
","","",""
"2022-01-26 19:36:36.7733","Warn","Unhandled","CollisionMeshData couldn't be created because the mesh has been marked as non-accessible. Mesh asset path """" Mesh name """"","
","","",""
"2022-01-26 19:36:36.7733","Warn","Unhandled","CollisionMeshData couldn't be created because the mesh has been marked as non-accessible. Mesh asset path """" Mesh name """"","
","","",""
"2022-01-26 19:36:36.7733","Warn","Unhandled","CollisionMeshData couldn't be created because the mesh has been marked as non-accessible. Mesh asset path """" Mesh name """"","
","","",""
"2022-01-26 19:36:36.7733","Warn","Unhandled","CollisionMeshData couldn't be created because the mesh has been marked as non-accessible. Mesh asset path """" Mesh name """"","
","","",""
"2022-01-26 19:36:36.8027","Warn","Unhandled","CollisionMeshData couldn't be created because the mesh has been marked as non-accessible. Mesh asset path """" Mesh name """"","
","","",""
"2022-01-26 19:42:55.5295","Warn","Unhandled","Kinematic body only supports Speculative Continuous collision detection","
","","",""
"2022-01-26 19:56:42.7048","Warn","Unhandled","Kinematic body only supports Speculative Continuous collision detection","
","","",""
"2022-01-26 19:56:42.7453","Warn","Unhandled","Kinematic body only supports Speculative Continuous collision detection","
","","",""
"2022-01-26 19:57:16.5368","Warn","Unhandled","Kinematic body only supports Speculative Continuous collision detection","
","","",""
"2022-01-26 19:58:28.9801","Warn","Unhandled","Kinematic body only supports Speculative Continuous collision detection","
","","",""
"2022-01-26 19:58:36.6026","Warn","Unhandled","Kinematic body only supports Speculative Continuous collision detection","
","","",""
"2022-01-26 20:03:19.1067","Warn","Unhandled","Kinematic body only supports Speculative Continuous collision detection","
","","",""
"2022-01-26 20:05:17.0549","Warn","Unhandled","Kinematic body only supports Speculative Continuous collision detection","
","","",""
"2022-01-26 20:05:31.5234","Warn","Unhandled","Kinematic body only supports Speculative Continuous collision detection","
","","",""
"2022-01-26 20:06:19.3132","Warn","Unhandled","Kinematic body only supports Speculative Continuous collision detection","
","","",""
"2022-01-26 20:06:24.7110","Warn","Unhandled","Kinematic body only supports Speculative Continuous collision detection","
","","",""
"2022-01-26 20:13:49.5941","Warn","Unhandled","Kinematic body only supports Speculative Continuous collision detection","
","","",""
"2022-01-26 20:16:26.8594","Warn","Unhandled","Kinematic body only supports Speculative Continuous collision detection","
","","",""
"2022-01-26 20:17:30.1861","Warn","Unhandled","Kinematic body only supports Speculative Continuous collision detection","
","","",""
"2022-01-26 20:17:48.0557","Warn","Unhandled","Kinematic body only supports Speculative Continuous collision detection","
","","",""
"2022-01-26 20:18:03.6503","Warn","Unhandled","Kinematic body only supports Speculative Continuous collision detection","
","","",""
"2022-01-26 20:19:24.9975","Warn","Unhandled","Kinematic body only supports Speculative Continuous collision detection","
","","",""
"2022-01-26 20:19:32.9263","Warn","Unhandled","Kinematic body only supports Speculative Continuous collision detection","
","","",""
"2022-01-26 20:19:42.8843","Warn","Unhandled","Kinematic body only supports Speculative Continuous collision detection","
","","",""
"2022-01-26 20:20:32.7641","Warn","Unhandled","Kinematic body only supports Speculative Continuous collision detection","
","","",""
"2022-01-26 20:21:42.7153","Warn","Unhandled","Kinematic body only supports Speculative Continuous collision detection","
","","",""
"2022-01-26 20:21:47.6174","Warn","Unhandled","Kinematic body only supports Speculative Continuous collision detection","
","","",""
"2022-01-26 20:26:07.7948","Warn","Unhandled","Kinematic body only supports Speculative Continuous collision detection","
","","",""
"2022-01-26 20:27:48.9520","Warn","Unhandled","Kinematic body only supports Speculative Continuous collision detection","
","","",""
"2022-01-26 20:27:51.9523","Warn","Unhandled","Kinematic body only supports Speculative Continuous collision detection","
","","",""
"2022-01-26 20:29:19.2021","Warn","Unhandled","Kinematic body only supports Speculative Continuous collision detection","
","","",""
"2022-01-26 20:31:07.7912","Warn","Unhandled","Kinematic body only supports Speculative Continuous collision detection","
","","",""
"2022-01-26 20:31:19.4838","Warn","Unhandled","Kinematic body only supports Speculative Continuous collision detection","
","","",""
"2022-01-26 20:35:38.9830","Warn","Unhandled","Mesh crystal_pick_Atlased requires Read/Write Enabled to be set in the importer to work on the particle system shape module","
","","",""
"2022-01-26 20:36:52.8891","Warn","Unhandled","Kinematic body only supports Speculative Continuous collision detection","
","","",""
"2022-01-26 20:37:10.2672","Warn","Unhandled","Kinematic body only supports Speculative Continuous collision detection","
","","",""
"2022-01-26 20:39:54.6512","Warn","Unhandled","CollisionMeshData couldn't be created because the mesh has been marked as non-accessible. Mesh asset path """" Mesh name """"","
","","",""
"2022-01-26 20:39:54.6512","Warn","Unhandled","CollisionMeshData couldn't be created because the mesh has been marked as non-accessible. Mesh asset path """" Mesh name """"","
","","",""
"2022-01-26 20:39:54.9481","Warn","Unhandled","CollisionMeshData couldn't be created because the mesh has been marked as non-accessible. Mesh asset path """" Mesh name """"","
","","",""
"2022-01-26 20:39:54.9806","Warn","Unhandled","CollisionMeshData couldn't be created because the mesh has been marked as non-accessible. Mesh asset path """" Mesh name """"","
","","",""
"2022-01-26 20:39:54.9806","Warn","Unhandled","CollisionMeshData couldn't be created because the mesh has been marked as non-accessible. Mesh asset path """" Mesh name """"","
","","",""
"2022-01-26 20:39:55.0110","Warn","Unhandled","CollisionMeshData couldn't be created because the mesh has been marked as non-accessible. Mesh asset path """" Mesh name """"","
","","",""
"2022-01-26 20:39:55.0110","Warn","Unhandled","CollisionMeshData couldn't be created because the mesh has been marked as non-accessible. Mesh asset path """" Mesh name """"","
","","",""
"2022-01-26 20:39:55.0280","Warn","Unhandled","CollisionMeshData couldn't be created because the mesh has been marked as non-accessible. Mesh asset path """" Mesh name """"","
","","",""
"2022-01-26 20:39:55.0280","Warn","Unhandled","CollisionMeshData couldn't be created because the mesh has been marked as non-accessible. Mesh asset path """" Mesh name """"","
","","",""
"2022-01-26 20:39:55.0399","Warn","Unhandled","CollisionMeshData couldn't be created because the mesh has been marked as non-accessible. Mesh asset path """" Mesh name """"","
","","",""
"2022-01-26 20:49:42.9348","Warn","Unhandled","Kinematic body only supports Speculative Continuous collision detection","
","","",""
"2022-01-26 20:50:05.3313","Warn","Unhandled","Kinematic body only supports Speculative Continuous collision detection","
","","",""
"2022-01-26 20:50:34.0801","Warn","Unhandled","Kinematic body only supports Speculative Continuous collision detection","
","","",""
"2022-01-26 20:50:39.3000","Warn","Unhandled","Kinematic body only supports Speculative Continuous collision detection","
","","",""
"2022-01-26 20:50:51.5616","Warn","Unhandled","Kinematic body only supports Speculative Continuous collision detection","
","","",""
"2022-01-26 20:51:39.7579","Warn","Unhandled","Kinematic body only supports Speculative Continuous collision detection","
","","",""
"2022-01-26 20:51:44.1179","Warn","Unhandled","Kinematic body only supports Speculative Continuous collision detection","
","","",""
"2022-01-26 20:56:57.0813","Warn","Unhandled","Kinematic body only supports Speculative Continuous collision detection","
","","",""
"2022-01-26 20:57:56.4776","Warn","Unhandled","Kinematic body only supports Speculative Continuous collision detection","
","","",""
"2022-01-26 20:59:24.8414","Warn","Unhandled","Mesh crystal_pick_Atlased requires Read/Write Enabled to be set in the importer to work on the particle system shape module","
","","",""
"2022-01-26 20:59:30.5842","Warn","Unhandled","Kinematic body only supports Speculative Continuous collision detection","
","","",""
"2022-01-26 20:59:34.2125","Warn","Unhandled","Kinematic body only supports Speculative Continuous collision detection","
","","",""
"2022-01-26 20:59:51.4685","Warn","Unhandled","CollisionMeshData couldn't be created because the mesh has been marked as non-accessible. Mesh asset path """" Mesh name """"","
","","",""
"2022-01-26 20:59:51.4968","Warn","Unhandled","CollisionMeshData couldn't be created because the mesh has been marked as non-accessible. Mesh asset path """" Mesh name """"","
","","",""
"2022-01-26 20:59:52.2215","Warn","Unhandled","CollisionMeshData couldn't be created because the mesh has been marked as non-accessible. Mesh asset path """" Mesh name """"","
","","",""
"2022-01-26 20:59:52.2421","Warn","Unhandled","CollisionMeshData couldn't be created because the mesh has been marked as non-accessible. Mesh asset path """" Mesh name """"","
","","",""
"2022-01-26 20:59:52.3019","Warn","Unhandled","CollisionMeshData couldn't be created because the mesh has been marked as non-accessible. Mesh asset path """" Mesh name """"","
","","",""
"2022-01-26 20:59:52.3019","Warn","Unhandled","CollisionMeshData couldn't be created because the mesh has been marked as non-accessible. Mesh asset path """" Mesh name """"","
","","",""
"2022-01-26 20:59:52.3345","Warn","Unhandled","CollisionMeshData couldn't be created because the mesh has been marked as non-accessible. Mesh asset path """" Mesh name """"","
","","",""
"2022-01-26 20:59:52.3593","Warn","Unhandled","CollisionMeshData couldn't be created because the mesh has been marked as non-accessible. Mesh asset path """" Mesh name """"","
","","",""
"2022-01-26 20:59:52.3593","Warn","Unhandled","CollisionMeshData couldn't be created because the mesh has been marked as non-accessible. Mesh asset path """" Mesh name """"","
","","",""
"2022-01-26 20:59:52.3866","Warn","Unhandled","CollisionMeshData couldn't be created because the mesh has been marked as non-accessible. Mesh asset path """" Mesh name """"","
","","",""
