"time","level","logger","message","stacktrace","exception.type","exception.message","exception.stacktrace"
"2022-01-16 19:06:20.6626","Warn","Unhandled","Renderer 'talum_LOD0' is registered with more than one LODGroup ('Talem Static' and 'Store Page Manager').","
","","",""
"2022-01-16 19:06:20.6626","Warn","Unhandled","Renderer 'talum_LOD1' is registered with more than one LODGroup ('Talem Static' and 'Store Page Manager').","
","","",""
"2022-01-16 19:06:20.6626","Warn","Unhandled","Renderer 'talum_LOD2' is registered with more than one LODGroup ('Talem Static' and 'Store Page Manager').","
","","",""
"2022-01-16 19:06:20.6626","Warn","Unhandled","Renderer 'talum_LOD0' is registered with more than one LODGroup ('Talem Static' and 'Store Page Manager').","
","","",""
"2022-01-16 19:06:20.6626","Warn","Unhandled","Renderer 'talum_LOD1' is registered with more than one LODGroup ('Talem Static' and 'Store Page Manager').","
","","",""
"2022-01-16 19:06:20.6626","Warn","Unhandled","Renderer 'talum_LOD2' is registered with more than one LODGroup ('Talem Static' and 'Store Page Manager').","
","","",""
"2022-01-16 19:14:28.5197","Warn","Unhandled","CollisionMeshData couldn't be created because the mesh has been marked as non-accessible. Mesh asset path """" Mesh name """"","
","","",""
"2022-01-16 19:14:34.8313","Warn","Unhandled","CollisionMeshData couldn't be created because the mesh has been marked as non-accessible. Mesh asset path """" Mesh name """"","
","","",""
"2022-01-16 19:14:43.5757","Warn","Unhandled","CollisionMeshData couldn't be created because the mesh has been marked as non-accessible. Mesh asset path """" Mesh name """"","
","","",""
"2022-01-16 19:30:12.7053","Warn","Unhandled","CollisionMeshData couldn't be created because the mesh has been marked as non-accessible. Mesh asset path """" Mesh name """"","
","","",""
"2022-01-16 19:30:12.9331","Warn","Unhandled","CollisionMeshData couldn't be created because the mesh has been marked as non-accessible. Mesh asset path """" Mesh name """"","
","","",""
"2022-01-16 19:31:12.7733","Warn","Unhandled","CollisionMeshData couldn't be created because the mesh has been marked as non-accessible. Mesh asset path """" Mesh name """"","
","","",""
"2022-01-16 19:31:13.1187","Warn","Unhandled","CollisionMeshData couldn't be created because the mesh has been marked as non-accessible. Mesh asset path """" Mesh name """"","
","","",""
"2022-01-16 19:36:27.4971","Warn","Unhandled","CollisionMeshData couldn't be created because the mesh has been marked as non-accessible. Mesh asset path """" Mesh name """"","
","","",""
"2022-01-16 19:36:27.8769","Warn","Unhandled","CollisionMeshData couldn't be created because the mesh has been marked as non-accessible. Mesh asset path """" Mesh name """"","
","","",""
"2022-01-16 19:36:58.6794","Warn","Unhandled","CollisionMeshData couldn't be created because the mesh has been marked as non-accessible. Mesh asset path """" Mesh name """"","
","","",""
"2022-01-16 19:36:58.9048","Warn","Unhandled","CollisionMeshData couldn't be created because the mesh has been marked as non-accessible. Mesh asset path """" Mesh name """"","
","","",""
"2022-01-16 19:37:24.5841","Warn","Unhandled","CollisionMeshData couldn't be created because the mesh has been marked as non-accessible. Mesh asset path """" Mesh name """"","
","","",""
"2022-01-16 19:37:24.9009","Warn","Unhandled","CollisionMeshData couldn't be created because the mesh has been marked as non-accessible. Mesh asset path """" Mesh name """"","
","","",""
"2022-01-16 19:37:50.8228","Warn","Unhandled","CollisionMeshData couldn't be created because the mesh has been marked as non-accessible. Mesh asset path """" Mesh name """"","
","","",""
"2022-01-16 19:37:51.2015","Warn","Unhandled","CollisionMeshData couldn't be created because the mesh has been marked as non-accessible. Mesh asset path """" Mesh name """"","
","","",""
"2022-01-16 19:38:07.3595","Warn","Unhandled","CollisionMeshData couldn't be created because the mesh has been marked as non-accessible. Mesh asset path """" Mesh name """"","
","","",""
"2022-01-16 19:38:07.5886","Warn","Unhandled","CollisionMeshData couldn't be created because the mesh has been marked as non-accessible. Mesh asset path """" Mesh name """"","
","","",""
"2022-01-16 19:50:25.2277","Warn","Unhandled","CollisionMeshData couldn't be created because the mesh has been marked as non-accessible. Mesh asset path """" Mesh name """"","
","","",""
"2022-01-16 19:50:25.4553","Warn","Unhandled","CollisionMeshData couldn't be created because the mesh has been marked as non-accessible. Mesh asset path """" Mesh name """"","
","","",""
"2022-01-16 19:57:44.8335","Warn","Unhandled","CollisionMeshData couldn't be created because the mesh has been marked as non-accessible. Mesh asset path """" Mesh name """"","
","","",""
"2022-01-16 19:57:45.2134","Warn","Unhandled","CollisionMeshData couldn't be created because the mesh has been marked as non-accessible. Mesh asset path """" Mesh name """"","
","","",""
"2022-01-16 20:00:07.6564","Warn","Unhandled","CollisionMeshData couldn't be created because the mesh has been marked as non-accessible. Mesh asset path """" Mesh name """"","
","","",""
"2022-01-16 20:20:31.0652","Warn","Unhandled","CollisionMeshData couldn't be created because the mesh has been marked as non-accessible. Mesh asset path """" Mesh name """"","
","","",""
"2022-01-16 20:20:31.2662","Warn","Unhandled","CollisionMeshData couldn't be created because the mesh has been marked as non-accessible. Mesh asset path """" Mesh name """"","
","","",""
"2022-01-16 20:24:31.6773","Warn","Unhandled","CollisionMeshData couldn't be created because the mesh has been marked as non-accessible. Mesh asset path """" Mesh name """"","
","","",""
"2022-01-16 20:44:24.7635","Warn","Unhandled","CollisionMeshData couldn't be created because the mesh has been marked as non-accessible. Mesh asset path """" Mesh name """"","
","","",""
"2022-01-16 20:52:49.0754","Warn","Unhandled","CollisionMeshData couldn't be created because the mesh has been marked as non-accessible. Mesh asset path """" Mesh name """"","
","","",""
"2022-01-16 20:52:55.2346","Warn","Unhandled","CollisionMeshData couldn't be created because the mesh has been marked as non-accessible. Mesh asset path """" Mesh name """"","
","","",""
"2022-01-16 20:55:51.1723","Warn","Unhandled","CollisionMeshData couldn't be created because the mesh has been marked as non-accessible. Mesh asset path """" Mesh name """"","
","","",""
"2022-01-16 20:55:52.3405","Warn","Unhandled","CollisionMeshData couldn't be created because the mesh has been marked as non-accessible. Mesh asset path """" Mesh name """"","
","","",""
"2022-01-16 20:57:50.1304","Warn","Unhandled","CollisionMeshData couldn't be created because the mesh has been marked as non-accessible. Mesh asset path """" Mesh name """"","
","","",""
"2022-01-16 20:57:50.1304","Warn","Unhandled","CollisionMeshData couldn't be created because the mesh has been marked as non-accessible. Mesh asset path """" Mesh name """"","
","","",""
"2022-01-16 21:01:16.4919","Warn","Unhandled","CollisionMeshData couldn't be created because the mesh has been marked as non-accessible. Mesh asset path """" Mesh name """"","
","","",""
"2022-01-16 21:01:58.2553","Warn","Unhandled","CollisionMeshData couldn't be created because the mesh has been marked as non-accessible. Mesh asset path """" Mesh name """"","
","","",""
"2022-01-16 21:02:25.8176","Warn","Unhandled","CollisionMeshData couldn't be created because the mesh has been marked as non-accessible. Mesh asset path """" Mesh name """"","
","","",""
"2022-01-16 21:03:05.7148","Warn","Unhandled","CollisionMeshData couldn't be created because the mesh has been marked as non-accessible. Mesh asset path """" Mesh name """"","
","","",""
"2022-01-16 21:03:07.7150","Warn","Unhandled","CollisionMeshData couldn't be created because the mesh has been marked as non-accessible. Mesh asset path """" Mesh name """"","
","","",""
"2022-01-16 21:07:15.9832","Warn","Unhandled","CollisionMeshData couldn't be created because the mesh has been marked as non-accessible. Mesh asset path """" Mesh name """"","
","","",""
"2022-01-16 21:07:16.4869","Warn","Unhandled","CollisionMeshData couldn't be created because the mesh has been marked as non-accessible. Mesh asset path """" Mesh name """"","
","","",""
"2022-01-16 21:07:16.6363","Warn","Unhandled","CollisionMeshData couldn't be created because the mesh has been marked as non-accessible. Mesh asset path """" Mesh name """"","
","","",""
"2022-01-16 21:07:16.6612","Warn","Unhandled","CollisionMeshData couldn't be created because the mesh has been marked as non-accessible. Mesh asset path """" Mesh name """"","
","","",""
"2022-01-16 21:07:38.6894","Warn","Unhandled","CollisionMeshData couldn't be created because the mesh has been marked as non-accessible. Mesh asset path """" Mesh name """"","
","","",""
"2022-01-16 21:07:39.2155","Warn","Unhandled","CollisionMeshData couldn't be created because the mesh has been marked as non-accessible. Mesh asset path """" Mesh name """"","
","","",""
"2022-01-16 21:07:39.3659","Warn","Unhandled","CollisionMeshData couldn't be created because the mesh has been marked as non-accessible. Mesh asset path """" Mesh name """"","
","","",""
"2022-01-16 21:07:39.3659","Warn","Unhandled","CollisionMeshData couldn't be created because the mesh has been marked as non-accessible. Mesh asset path """" Mesh name """"","
","","",""
"2022-01-16 21:08:56.7738","Warn","Unhandled","CollisionMeshData couldn't be created because the mesh has been marked as non-accessible. Mesh asset path """" Mesh name """"","
","","",""
"2022-01-16 21:08:57.2261","Warn","Unhandled","CollisionMeshData couldn't be created because the mesh has been marked as non-accessible. Mesh asset path """" Mesh name """"","
","","",""
"2022-01-16 21:09:25.2694","Warn","Unhandled","CollisionMeshData couldn't be created because the mesh has been marked as non-accessible. Mesh asset path """" Mesh name """"","
","","",""
"2022-01-16 21:18:23.4659","Warn","Unhandled","CollisionMeshData couldn't be created because the mesh has been marked as non-accessible. Mesh asset path """" Mesh name """"","
","","",""
"2022-01-16 21:18:23.7064","Warn","Unhandled","CollisionMeshData couldn't be created because the mesh has been marked as non-accessible. Mesh asset path """" Mesh name """"","
","","",""
"2022-01-16 21:19:20.5511","Warn","Unhandled","CollisionMeshData couldn't be created because the mesh has been marked as non-accessible. Mesh asset path """" Mesh name """"","
","","",""
"2022-01-16 21:19:20.7764","Warn","Unhandled","CollisionMeshData couldn't be created because the mesh has been marked as non-accessible. Mesh asset path """" Mesh name """"","
","","",""
"2022-01-16 21:24:38.5382","Warn","Unhandled","Kinematic body only supports Speculative Continuous collision detection","
","","",""
"2022-01-16 21:24:55.1511","Warn","Unhandled","Kinematic body only supports Speculative Continuous collision detection","
","","",""
"2022-01-16 21:25:39.6390","Warn","Unhandled","Kinematic body only supports Speculative Continuous collision detection","
","","",""
"2022-01-16 21:33:43.6037","Warn","Unhandled","CollisionMeshData couldn't be created because the mesh has been marked as non-accessible. Mesh asset path """" Mesh name """"","
","","",""
"2022-01-16 21:33:43.6300","Warn","Unhandled","CollisionMeshData couldn't be created because the mesh has been marked as non-accessible. Mesh asset path """" Mesh name """"","
","","",""
"2022-01-16 21:33:43.6300","Warn","Unhandled","CollisionMeshData couldn't be created because the mesh has been marked as non-accessible. Mesh asset path """" Mesh name """"","
","","",""
"2022-01-16 21:34:29.1476","Warn","Unhandled","CollisionMeshData couldn't be created because the mesh has been marked as non-accessible. Mesh asset path """" Mesh name """"","
","","",""
"2022-01-16 21:34:29.5990","Warn","Unhandled","CollisionMeshData couldn't be created because the mesh has been marked as non-accessible. Mesh asset path """" Mesh name """"","
","","",""
"2022-01-16 21:34:32.9525","Warn","Unhandled","CollisionMeshData couldn't be created because the mesh has been marked as non-accessible. Mesh asset path """" Mesh name """"","
","","",""
"2022-01-16 21:38:48.8966","Warn","Unhandled","CollisionMeshData couldn't be created because the mesh has been marked as non-accessible. Mesh asset path """" Mesh name """"","
","","",""
"2022-01-16 21:38:48.9474","Warn","Unhandled","CollisionMeshData couldn't be created because the mesh has been marked as non-accessible. Mesh asset path """" Mesh name """"","
","","",""
"2022-01-16 21:38:48.9721","Warn","Unhandled","CollisionMeshData couldn't be created because the mesh has been marked as non-accessible. Mesh asset path """" Mesh name """"","
","","",""
"2022-01-16 21:39:11.5943","Warn","Unhandled","CollisionMeshData couldn't be created because the mesh has been marked as non-accessible. Mesh asset path """" Mesh name """"","
","","",""
"2022-01-16 21:39:12.0468","Warn","Unhandled","CollisionMeshData couldn't be created because the mesh has been marked as non-accessible. Mesh asset path """" Mesh name """"","
","","",""
"2022-01-16 22:25:07.2936","Warn","Unhandled","CollisionMeshData couldn't be created because the mesh has been marked as non-accessible. Mesh asset path """" Mesh name """"","
","","",""
"2022-01-16 22:25:07.8033","Warn","Unhandled","CollisionMeshData couldn't be created because the mesh has been marked as non-accessible. Mesh asset path """" Mesh name """"","
","","",""
"2022-01-16 22:25:07.9571","Warn","Unhandled","CollisionMeshData couldn't be created because the mesh has been marked as non-accessible. Mesh asset path """" Mesh name """"","
","","",""
"2022-01-16 22:25:07.9836","Warn","Unhandled","CollisionMeshData couldn't be created because the mesh has been marked as non-accessible. Mesh asset path """" Mesh name """"","
","","",""
"2022-01-16 22:25:07.9836","Warn","Unhandled","CollisionMeshData couldn't be created because the mesh has been marked as non-accessible. Mesh asset path """" Mesh name """"","
","","",""
"2022-01-16 22:27:05.8646","Warn","Unhandled","CollisionMeshData couldn't be created because the mesh has been marked as non-accessible. Mesh asset path """" Mesh name """"","
","","",""
"2022-01-16 22:27:07.8865","Warn","Unhandled","CollisionMeshData couldn't be created because the mesh has been marked as non-accessible. Mesh asset path """" Mesh name """"","
","","",""
"2022-01-16 22:27:32.7700","Warn","Unhandled","CollisionMeshData couldn't be created because the mesh has been marked as non-accessible. Mesh asset path """" Mesh name """"","
","","",""
"2022-01-16 22:27:32.7700","Warn","Unhandled","CollisionMeshData couldn't be created because the mesh has been marked as non-accessible. Mesh asset path """" Mesh name """"","
","","",""
"2022-01-16 22:27:33.9487","Warn","Unhandled","CollisionMeshData couldn't be created because the mesh has been marked as non-accessible. Mesh asset path """" Mesh name """"","
","","",""
"2022-01-16 22:27:35.1934","Warn","Unhandled","CollisionMeshData couldn't be created because the mesh has been marked as non-accessible. Mesh asset path """" Mesh name """"","
","","",""
"2022-01-16 22:27:41.3761","Warn","Unhandled","CollisionMeshData couldn't be created because the mesh has been marked as non-accessible. Mesh asset path """" Mesh name """"","
","","",""
"2022-01-16 22:37:29.7730","Warn","Unhandled","CollisionMeshData couldn't be created because the mesh has been marked as non-accessible. Mesh asset path """" Mesh name """"","
","","",""
"2022-01-16 22:37:30.2271","Warn","Unhandled","CollisionMeshData couldn't be created because the mesh has been marked as non-accessible. Mesh asset path """" Mesh name """"","
","","",""
