"time","level","logger","message","stacktrace","exception.type","exception.message","exception.stacktrace"
"2022-01-23 16:33:53.9155","Warn","Unhandled","Renderer 'talum_LOD0' is registered with more than one LODGroup ('Talem Static' and 'Store Page Manager').","
","","",""
"2022-01-23 16:33:53.9155","Warn","Unhandled","Renderer 'talum_LOD1' is registered with more than one LODGroup ('Talem Static' and 'Store Page Manager').","
","","",""
"2022-01-23 16:33:53.9155","Warn","Unhandled","Renderer 'talum_LOD2' is registered with more than one LODGroup ('Talem Static' and 'Store Page Manager').","
","","",""
"2022-01-23 16:33:53.9155","Warn","Unhandled","Renderer 'talum_LOD0' is registered with more than one LODGroup ('Talem Static' and 'Store Page Manager').","
","","",""
"2022-01-23 16:33:53.9155","Warn","Unhandled","Renderer 'talum_LOD1' is registered with more than one LODGroup ('Talem Static' and 'Store Page Manager').","
","","",""
"2022-01-23 16:33:53.9155","Warn","Unhandled","Renderer 'talum_LOD2' is registered with more than one LODGroup ('Talem Static' and 'Store Page Manager').","
","","",""
"2022-01-23 16:33:54.3006","Warn","Unhandled","CommandBuffer: built-in render texture type 13 not found while executing Unnamed command buffer (Blit source)","
","","",""
"2022-01-23 16:33:54.3006","Warn","Unhandled","CommandBuffer: built-in render texture type 13 not found while executing Unnamed command buffer (Blit destination)","
","","",""
"2022-01-23 16:34:23.1128","Warn","Unhandled","CollisionMeshData couldn't be created because the mesh has been marked as non-accessible. Mesh asset path """" Mesh name """"","
","","",""
"2022-01-23 16:34:23.2520","Warn","Unhandled","CollisionMeshData couldn't be created because the mesh has been marked as non-accessible. Mesh asset path """" Mesh name """"","
","","",""
"2022-01-23 16:34:23.2739","Warn","Unhandled","CollisionMeshData couldn't be created because the mesh has been marked as non-accessible. Mesh asset path """" Mesh name """"","
","","",""
"2022-01-23 16:34:23.2739","Warn","Unhandled","CollisionMeshData couldn't be created because the mesh has been marked as non-accessible. Mesh asset path """" Mesh name """"","
","","",""
"2022-01-23 16:34:23.2966","Warn","Unhandled","CollisionMeshData couldn't be created because the mesh has been marked as non-accessible. Mesh asset path """" Mesh name """"","
","","",""
"2022-01-23 16:34:23.2966","Warn","Unhandled","CollisionMeshData couldn't be created because the mesh has been marked as non-accessible. Mesh asset path """" Mesh name """"","
","","",""
"2022-01-23 16:34:23.3152","Warn","Unhandled","CollisionMeshData couldn't be created because the mesh has been marked as non-accessible. Mesh asset path """" Mesh name """"","
","","",""
"2022-01-23 16:34:41.0494","Warn","Unhandled","CollisionMeshData couldn't be created because the mesh has been marked as non-accessible. Mesh asset path """" Mesh name """"","
","","",""
"2022-01-23 16:34:41.1072","Warn","Unhandled","CollisionMeshData couldn't be created because the mesh has been marked as non-accessible. Mesh asset path """" Mesh name """"","
","","",""
"2022-01-23 16:34:41.6391","Warn","Unhandled","CollisionMeshData couldn't be created because the mesh has been marked as non-accessible. Mesh asset path """" Mesh name """"","
","","",""
"2022-01-23 16:36:10.8276","Warn","Unhandled","CollisionMeshData couldn't be created because the mesh has been marked as non-accessible. Mesh asset path """" Mesh name """"","
","","",""
"2022-01-23 16:38:38.2362","Warn","Unhandled","Kinematic body only supports Speculative Continuous collision detection","
","","",""
"2022-01-23 16:38:49.1956","Warn","Unhandled","Kinematic body only supports Speculative Continuous collision detection","
","","",""
"2022-01-23 16:39:01.7712","Warn","Unhandled","Kinematic body only supports Speculative Continuous collision detection","
","","",""
"2022-01-23 16:39:13.9106","Warn","Unhandled","Kinematic body only supports Speculative Continuous collision detection","
","","",""
"2022-01-23 16:41:41.7539","Warn","Unhandled","CollisionMeshData couldn't be created because the mesh has been marked as non-accessible. Mesh asset path """" Mesh name """"","
","","",""
"2022-01-23 16:41:41.7811","Warn","Unhandled","CollisionMeshData couldn't be created because the mesh has been marked as non-accessible. Mesh asset path """" Mesh name """"","
","","",""
"2022-01-23 16:41:42.3647","Warn","Unhandled","CollisionMeshData couldn't be created because the mesh has been marked as non-accessible. Mesh asset path """" Mesh name """"","
","","",""
"2022-01-23 16:43:18.2287","Warn","Unhandled","CollisionMeshData couldn't be created because the mesh has been marked as non-accessible. Mesh asset path """" Mesh name """"","
","","",""
"2022-01-23 16:43:18.2287","Warn","Unhandled","CollisionMeshData couldn't be created because the mesh has been marked as non-accessible. Mesh asset path """" Mesh name """"","
","","",""
"2022-01-23 16:43:21.3164","Warn","Unhandled","CollisionMeshData couldn't be created because the mesh has been marked as non-accessible. Mesh asset path """" Mesh name """"","
","","",""
"2022-01-23 16:43:24.0780","Warn","Unhandled","CollisionMeshData couldn't be created because the mesh has been marked as non-accessible. Mesh asset path """" Mesh name """"","
","","",""
"2022-01-23 16:43:25.1572","Warn","Unhandled","CollisionMeshData couldn't be created because the mesh has been marked as non-accessible. Mesh asset path """" Mesh name """"","
","","",""
"2022-01-23 16:44:45.4762","Warn","Unhandled","CollisionMeshData couldn't be created because the mesh has been marked as non-accessible. Mesh asset path """" Mesh name """"","
","","",""
"2022-01-23 16:44:54.4844","Warn","Unhandled","CollisionMeshData couldn't be created because the mesh has been marked as non-accessible. Mesh asset path """" Mesh name """"","
","","",""
"2022-01-23 16:44:54.4844","Warn","Unhandled","CollisionMeshData couldn't be created because the mesh has been marked as non-accessible. Mesh asset path """" Mesh name """"","
","","",""
"2022-01-23 16:46:14.9896","Warn","Unhandled","CollisionMeshData couldn't be created because the mesh has been marked as non-accessible. Mesh asset path """" Mesh name """"","
","","",""
"2022-01-23 16:48:04.0638","Warn","Unhandled","CollisionMeshData couldn't be created because the mesh has been marked as non-accessible. Mesh asset path """" Mesh name """"","
","","",""
"2022-01-23 16:55:47.3987","Warn","Unhandled","CollisionMeshData couldn't be created because the mesh has been marked as non-accessible. Mesh asset path """" Mesh name """"","
","","",""
"2022-01-23 16:55:47.4126","Warn","Unhandled","CollisionMeshData couldn't be created because the mesh has been marked as non-accessible. Mesh asset path """" Mesh name """"","
","","",""
"2022-01-23 16:55:47.6926","Warn","Unhandled","CollisionMeshData couldn't be created because the mesh has been marked as non-accessible. Mesh asset path """" Mesh name """"","
","","",""
"2022-01-23 16:55:47.7351","Warn","Unhandled","CollisionMeshData couldn't be created because the mesh has been marked as non-accessible. Mesh asset path """" Mesh name """"","
","","",""
"2022-01-23 16:55:47.7351","Warn","Unhandled","CollisionMeshData couldn't be created because the mesh has been marked as non-accessible. Mesh asset path """" Mesh name """"","
","","",""
"2022-01-23 16:55:47.7537","Warn","Unhandled","CollisionMeshData couldn't be created because the mesh has been marked as non-accessible. Mesh asset path """" Mesh name """"","
","","",""
"2022-01-23 16:55:47.7672","Warn","Unhandled","CollisionMeshData couldn't be created because the mesh has been marked as non-accessible. Mesh asset path """" Mesh name """"","
","","",""
"2022-01-23 16:55:47.7697","Warn","Unhandled","CollisionMeshData couldn't be created because the mesh has been marked as non-accessible. Mesh asset path """" Mesh name """"","
","","",""
"2022-01-23 16:55:47.7697","Warn","Unhandled","CollisionMeshData couldn't be created because the mesh has been marked as non-accessible. Mesh asset path """" Mesh name """"","
","","",""
"2022-01-23 17:11:09.0814","Warn","Unhandled","CollisionMeshData couldn't be created because the mesh has been marked as non-accessible. Mesh asset path """" Mesh name """"","
","","",""
"2022-01-23 17:11:09.0944","Warn","Unhandled","CollisionMeshData couldn't be created because the mesh has been marked as non-accessible. Mesh asset path """" Mesh name """"","
","","",""
"2022-01-23 17:11:09.1052","Warn","Unhandled","CollisionMeshData couldn't be created because the mesh has been marked as non-accessible. Mesh asset path """" Mesh name """"","
","","",""
"2022-01-23 17:11:09.1052","Warn","Unhandled","CollisionMeshData couldn't be created because the mesh has been marked as non-accessible. Mesh asset path """" Mesh name """"","
","","",""
"2022-01-23 17:11:09.1218","Warn","Unhandled","CollisionMeshData couldn't be created because the mesh has been marked as non-accessible. Mesh asset path """" Mesh name """"","
","","",""
"2022-01-23 17:11:09.1218","Warn","Unhandled","CollisionMeshData couldn't be created because the mesh has been marked as non-accessible. Mesh asset path """" Mesh name """"","
","","",""
"2022-01-23 17:11:34.9568","Warn","Unhandled","CollisionMeshData couldn't be created because the mesh has been marked as non-accessible. Mesh asset path """" Mesh name """"","
","","",""
"2022-01-23 17:11:34.9703","Warn","Unhandled","CollisionMeshData couldn't be created because the mesh has been marked as non-accessible. Mesh asset path """" Mesh name """"","
","","",""
"2022-01-23 17:11:35.2649","Warn","Unhandled","CollisionMeshData couldn't be created because the mesh has been marked as non-accessible. Mesh asset path """" Mesh name """"","
","","",""
"2022-01-23 17:11:45.4314","Warn","Unhandled","CollisionMeshData couldn't be created because the mesh has been marked as non-accessible. Mesh asset path """" Mesh name """"","
","","",""
"2022-01-23 17:11:51.2892","Warn","Unhandled","CollisionMeshData couldn't be created because the mesh has been marked as non-accessible. Mesh asset path """" Mesh name """"","
","","",""
"2022-01-23 17:12:38.7702","Warn","Unhandled","CollisionMeshData couldn't be created because the mesh has been marked as non-accessible. Mesh asset path """" Mesh name """"","
","","",""
"2022-01-23 17:16:20.4883","Warn","Unhandled","CollisionMeshData couldn't be created because the mesh has been marked as non-accessible. Mesh asset path """" Mesh name """"","
","","",""
"2022-01-23 17:16:20.4883","Warn","Unhandled","CollisionMeshData couldn't be created because the mesh has been marked as non-accessible. Mesh asset path """" Mesh name """"","
","","",""
"2022-01-23 17:17:15.6112","Warn","Unhandled","CollisionMeshData couldn't be created because the mesh has been marked as non-accessible. Mesh asset path """" Mesh name """"","
","","",""
"2022-01-23 17:17:15.6112","Warn","Unhandled","CollisionMeshData couldn't be created because the mesh has been marked as non-accessible. Mesh asset path """" Mesh name """"","
","","",""
"2022-01-23 17:21:16.4349","Warn","Unhandled","CollisionMeshData couldn't be created because the mesh has been marked as non-accessible. Mesh asset path """" Mesh name """"","
","","",""
"2022-01-23 17:21:16.4349","Warn","Unhandled","CollisionMeshData couldn't be created because the mesh has been marked as non-accessible. Mesh asset path """" Mesh name """"","
","","",""
"2022-01-23 17:27:18.0356","Warn","Unhandled","CollisionMeshData couldn't be created because the mesh has been marked as non-accessible. Mesh asset path """" Mesh name """"","
","","",""
"2022-01-23 17:27:18.0356","Warn","Unhandled","CollisionMeshData couldn't be created because the mesh has been marked as non-accessible. Mesh asset path """" Mesh name """"","
","","",""
"2022-01-23 17:27:23.8284","Warn","Unhandled","CollisionMeshData couldn't be created because the mesh has been marked as non-accessible. Mesh asset path """" Mesh name """"","
","","",""
"2022-01-23 17:27:23.8284","Warn","Unhandled","CollisionMeshData couldn't be created because the mesh has been marked as non-accessible. Mesh asset path """" Mesh name """"","
","","",""
"2022-01-23 17:35:42.1564","Warn","Unhandled","CollisionMeshData couldn't be created because the mesh has been marked as non-accessible. Mesh asset path """" Mesh name """"","
","","",""
"2022-01-23 17:35:42.1821","Warn","Unhandled","CollisionMeshData couldn't be created because the mesh has been marked as non-accessible. Mesh asset path """" Mesh name """"","
","","",""
"2022-01-23 17:35:42.7406","Warn","Unhandled","CollisionMeshData couldn't be created because the mesh has been marked as non-accessible. Mesh asset path """" Mesh name """"","
","","",""
"2022-01-23 17:39:08.1094","Warn","Unhandled","CollisionMeshData couldn't be created because the mesh has been marked as non-accessible. Mesh asset path """" Mesh name """"","
","","",""
"2022-01-23 17:39:08.1372","Warn","Unhandled","CollisionMeshData couldn't be created because the mesh has been marked as non-accessible. Mesh asset path """" Mesh name """"","
","","",""
"2022-01-23 17:39:08.1644","Warn","Unhandled","CollisionMeshData couldn't be created because the mesh has been marked as non-accessible. Mesh asset path """" Mesh name """"","
","","",""
"2022-01-23 17:39:08.1644","Warn","Unhandled","CollisionMeshData couldn't be created because the mesh has been marked as non-accessible. Mesh asset path """" Mesh name """"","
","","",""
"2022-01-23 17:39:08.1922","Warn","Unhandled","CollisionMeshData couldn't be created because the mesh has been marked as non-accessible. Mesh asset path """" Mesh name """"","
","","",""
"2022-01-23 17:39:08.1922","Warn","Unhandled","CollisionMeshData couldn't be created because the mesh has been marked as non-accessible. Mesh asset path """" Mesh name """"","
","","",""
"2022-01-23 17:41:15.5041","Warn","Unhandled","CollisionMeshData couldn't be created because the mesh has been marked as non-accessible. Mesh asset path """" Mesh name """"","
","","",""
"2022-01-23 17:41:15.5196","Warn","Unhandled","CollisionMeshData couldn't be created because the mesh has been marked as non-accessible. Mesh asset path """" Mesh name """"","
","","",""
"2022-01-23 17:41:15.5196","Warn","Unhandled","CollisionMeshData couldn't be created because the mesh has been marked as non-accessible. Mesh asset path """" Mesh name """"","
","","",""
"2022-01-23 17:41:15.5196","Warn","Unhandled","CollisionMeshData couldn't be created because the mesh has been marked as non-accessible. Mesh asset path """" Mesh name """"","
","","",""
"2022-01-23 17:41:15.5471","Warn","Unhandled","CollisionMeshData couldn't be created because the mesh has been marked as non-accessible. Mesh asset path """" Mesh name """"","
","","",""
"2022-01-23 17:41:15.5471","Warn","Unhandled","CollisionMeshData couldn't be created because the mesh has been marked as non-accessible. Mesh asset path """" Mesh name """"","
","","",""
"2022-01-23 17:42:29.6428","Warn","Unhandled","CollisionMeshData couldn't be created because the mesh has been marked as non-accessible. Mesh asset path """" Mesh name """"","
","","",""
"2022-01-23 17:42:29.6546","Warn","Unhandled","CollisionMeshData couldn't be created because the mesh has been marked as non-accessible. Mesh asset path """" Mesh name """"","
","","",""
"2022-01-23 17:42:29.6685","Warn","Unhandled","CollisionMeshData couldn't be created because the mesh has been marked as non-accessible. Mesh asset path """" Mesh name """"","
","","",""
"2022-01-23 17:42:29.6685","Warn","Unhandled","CollisionMeshData couldn't be created because the mesh has been marked as non-accessible. Mesh asset path """" Mesh name """"","
","","",""
"2022-01-23 17:42:29.6831","Warn","Unhandled","CollisionMeshData couldn't be created because the mesh has been marked as non-accessible. Mesh asset path """" Mesh name """"","
","","",""
"2022-01-23 17:42:29.6831","Warn","Unhandled","CollisionMeshData couldn't be created because the mesh has been marked as non-accessible. Mesh asset path """" Mesh name """"","
","","",""
"2022-01-23 17:42:52.6719","Warn","Unhandled","CollisionMeshData couldn't be created because the mesh has been marked as non-accessible. Mesh asset path """" Mesh name """"","
","","",""
"2022-01-23 17:42:52.6869","Warn","Unhandled","CollisionMeshData couldn't be created because the mesh has been marked as non-accessible. Mesh asset path """" Mesh name """"","
","","",""
"2022-01-23 17:42:52.9622","Warn","Unhandled","CollisionMeshData couldn't be created because the mesh has been marked as non-accessible. Mesh asset path """" Mesh name """"","
","","",""
"2022-01-23 17:42:58.9579","Warn","Unhandled","CollisionMeshData couldn't be created because the mesh has been marked as non-accessible. Mesh asset path """" Mesh name """"","
","","",""
"2022-01-23 17:44:09.7846","Warn","Unhandled","Kinematic body only supports Speculative Continuous collision detection","
","","",""
"2022-01-23 17:51:01.6613","Warn","Unhandled","Kinematic body only supports Speculative Continuous collision detection","
","","",""
"2022-01-23 17:51:01.6613","Warn","Unhandled","Kinematic body only supports Speculative Continuous collision detection","
","","",""
"2022-01-23 18:27:27.0711","Warn","Unhandled","Renderer 'bush_forest_cover_01_LOD0' is registered with more than one LODGroup ('bush_forest_thick_cover_01' and 'largeBoulder_02 Flat Barren(Clone)').","
","","",""
"2022-01-23 18:27:27.0711","Warn","Unhandled","Renderer 'bush_forest_cover_01_LOD1' is registered with more than one LODGroup ('bush_forest_thick_cover_01' and 'largeBoulder_02 Flat Barren(Clone)').","
","","",""
"2022-01-23 18:27:27.0711","Warn","Unhandled","Renderer 'bush_forest_cover_01_LOD2' is registered with more than one LODGroup ('bush_forest_thick_cover_01' and 'largeBoulder_02 Flat Barren(Clone)').","
","","",""
"2022-01-23 18:27:27.0711","Warn","Unhandled","Renderer 'bush_forest_cover_01_LOD0' is registered with more than one LODGroup ('bush_forest_thick_cover_01' and 'largeBoulder_02 Flat Barren(Clone)').","
","","",""
"2022-01-23 18:27:27.0711","Warn","Unhandled","Renderer 'bush_forest_cover_01_LOD1' is registered with more than one LODGroup ('bush_forest_thick_cover_01' and 'largeBoulder_02 Flat Barren(Clone)').","
","","",""
"2022-01-23 18:27:27.0711","Warn","Unhandled","Renderer 'bush_forest_cover_01_LOD2' is registered with more than one LODGroup ('bush_forest_thick_cover_01' and 'largeBoulder_02 Flat Barren(Clone)').","
","","",""
"2022-01-23 18:27:27.0711","Warn","Unhandled","Renderer 'bush_forest_cover_01_LOD0' is registered with more than one LODGroup ('bush_forest_thick_cover_01' and 'largeBoulder_02 Thick Barren(Clone)').","
","","",""
"2022-01-23 18:27:27.0711","Warn","Unhandled","Renderer 'bush_forest_cover_01_LOD1' is registered with more than one LODGroup ('bush_forest_thick_cover_01' and 'largeBoulder_02 Thick Barren(Clone)').","
","","",""
"2022-01-23 18:27:27.0711","Warn","Unhandled","Renderer 'bush_forest_cover_01_LOD2' is registered with more than one LODGroup ('bush_forest_thick_cover_01' and 'largeBoulder_02 Thick Barren(Clone)').","
","","",""
"2022-01-23 18:27:27.0711","Warn","Unhandled","Renderer 'bush_forest_cover_01_LOD0' is registered with more than one LODGroup ('bush_forest_thick_cover_01' and 'largeBoulder_02 Thick Barren(Clone)').","
","","",""
"2022-01-23 18:27:27.0711","Warn","Unhandled","Renderer 'bush_forest_cover_01_LOD1' is registered with more than one LODGroup ('bush_forest_thick_cover_01' and 'largeBoulder_02 Thick Barren(Clone)').","
","","",""
"2022-01-23 18:27:27.0711","Warn","Unhandled","Renderer 'bush_forest_cover_01_LOD2' is registered with more than one LODGroup ('bush_forest_thick_cover_01' and 'largeBoulder_02 Thick Barren(Clone)').","
","","",""
"2022-01-23 18:28:29.9539","Warn","Unhandled","Renderer 'bush_forest_cover_01_LOD0' is registered with more than one LODGroup ('largeBoulder_02 Flat Barren(Clone)' and 'bush_forest_thick_cover_01').","
","","",""
"2022-01-23 18:28:29.9539","Warn","Unhandled","Renderer 'bush_forest_cover_01_LOD1' is registered with more than one LODGroup ('largeBoulder_02 Flat Barren(Clone)' and 'bush_forest_thick_cover_01').","
","","",""
"2022-01-23 18:28:29.9539","Warn","Unhandled","Renderer 'bush_forest_cover_01_LOD2' is registered with more than one LODGroup ('largeBoulder_02 Flat Barren(Clone)' and 'bush_forest_thick_cover_01').","
","","",""
"2022-01-23 18:28:29.9539","Warn","Unhandled","Renderer 'bush_forest_cover_01_LOD0' is registered with more than one LODGroup ('largeBoulder_02 Flat Barren(Clone)' and 'bush_forest_thick_cover_01').","
","","",""
"2022-01-23 18:28:29.9539","Warn","Unhandled","Renderer 'bush_forest_cover_01_LOD1' is registered with more than one LODGroup ('largeBoulder_02 Flat Barren(Clone)' and 'bush_forest_thick_cover_01').","
","","",""
"2022-01-23 18:28:29.9539","Warn","Unhandled","Renderer 'bush_forest_cover_01_LOD2' is registered with more than one LODGroup ('largeBoulder_02 Flat Barren(Clone)' and 'bush_forest_thick_cover_01').","
","","",""
"2022-01-23 18:28:29.9539","Warn","Unhandled","Renderer 'bush_forest_cover_01_LOD0' is registered with more than one LODGroup ('largeBoulder_02 Thick Barren(Clone)' and 'bush_forest_thick_cover_01').","
","","",""
"2022-01-23 18:28:29.9539","Warn","Unhandled","Renderer 'bush_forest_cover_01_LOD1' is registered with more than one LODGroup ('largeBoulder_02 Thick Barren(Clone)' and 'bush_forest_thick_cover_01').","
","","",""
"2022-01-23 18:28:29.9539","Warn","Unhandled","Renderer 'bush_forest_cover_01_LOD2' is registered with more than one LODGroup ('largeBoulder_02 Thick Barren(Clone)' and 'bush_forest_thick_cover_01').","
","","",""
"2022-01-23 18:28:29.9539","Warn","Unhandled","Renderer 'bush_forest_cover_01_LOD0' is registered with more than one LODGroup ('largeBoulder_02 Thick Barren(Clone)' and 'bush_forest_thick_cover_01').","
","","",""
"2022-01-23 18:28:29.9539","Warn","Unhandled","Renderer 'bush_forest_cover_01_LOD1' is registered with more than one LODGroup ('largeBoulder_02 Thick Barren(Clone)' and 'bush_forest_thick_cover_01').","
","","",""
"2022-01-23 18:28:29.9539","Warn","Unhandled","Renderer 'bush_forest_cover_01_LOD2' is registered with more than one LODGroup ('largeBoulder_02 Thick Barren(Clone)' and 'bush_forest_thick_cover_01').","
","","",""
"2022-01-23 18:28:30.1549","Warn","Unhandled","Renderer 'bush_forest_cover_01_LOD0' is registered with more than one LODGroup ('bush_forest_thick_cover_01' and 'largeBoulder_02 Flat Barren(Clone)').","
","","",""
"2022-01-23 18:28:30.1549","Warn","Unhandled","Renderer 'bush_forest_cover_01_LOD1' is registered with more than one LODGroup ('bush_forest_thick_cover_01' and 'largeBoulder_02 Flat Barren(Clone)').","
","","",""
"2022-01-23 18:28:30.1549","Warn","Unhandled","Renderer 'bush_forest_cover_01_LOD2' is registered with more than one LODGroup ('bush_forest_thick_cover_01' and 'largeBoulder_02 Flat Barren(Clone)').","
","","",""
"2022-01-23 18:28:30.1549","Warn","Unhandled","Renderer 'bush_forest_cover_01_LOD0' is registered with more than one LODGroup ('bush_forest_thick_cover_01' and 'largeBoulder_02 Flat Barren(Clone)').","
","","",""
"2022-01-23 18:28:30.1549","Warn","Unhandled","Renderer 'bush_forest_cover_01_LOD1' is registered with more than one LODGroup ('bush_forest_thick_cover_01' and 'largeBoulder_02 Flat Barren(Clone)').","
","","",""
"2022-01-23 18:28:30.1549","Warn","Unhandled","Renderer 'bush_forest_cover_01_LOD2' is registered with more than one LODGroup ('bush_forest_thick_cover_01' and 'largeBoulder_02 Flat Barren(Clone)').","
","","",""
"2022-01-23 18:28:47.8385","Warn","Unhandled","Renderer 'bush_forest_cover_01_LOD0' is registered with more than one LODGroup ('bush_forest_thick_cover_01' and 'largeBoulder_02 Flat Barren(Clone)').","
","","",""
"2022-01-23 18:28:47.8385","Warn","Unhandled","Renderer 'bush_forest_cover_01_LOD1' is registered with more than one LODGroup ('bush_forest_thick_cover_01' and 'largeBoulder_02 Flat Barren(Clone)').","
","","",""
"2022-01-23 18:28:47.8385","Warn","Unhandled","Renderer 'bush_forest_cover_01_LOD2' is registered with more than one LODGroup ('bush_forest_thick_cover_01' and 'largeBoulder_02 Flat Barren(Clone)').","
","","",""
"2022-01-23 18:28:47.8385","Warn","Unhandled","Renderer 'bush_forest_cover_01_LOD0' is registered with more than one LODGroup ('bush_forest_thick_cover_01' and 'largeBoulder_02 Flat Barren(Clone)').","
","","",""
"2022-01-23 18:28:47.8385","Warn","Unhandled","Renderer 'bush_forest_cover_01_LOD1' is registered with more than one LODGroup ('bush_forest_thick_cover_01' and 'largeBoulder_02 Flat Barren(Clone)').","
","","",""
"2022-01-23 18:28:47.8385","Warn","Unhandled","Renderer 'bush_forest_cover_01_LOD2' is registered with more than one LODGroup ('bush_forest_thick_cover_01' and 'largeBoulder_02 Flat Barren(Clone)').","
","","",""
"2022-01-23 18:28:47.8385","Warn","Unhandled","Renderer 'bush_forest_cover_01_LOD0' is registered with more than one LODGroup ('bush_forest_thick_cover_01' and 'largeBoulder_02 Thick Barren(Clone)').","
","","",""
"2022-01-23 18:28:47.8385","Warn","Unhandled","Renderer 'bush_forest_cover_01_LOD1' is registered with more than one LODGroup ('bush_forest_thick_cover_01' and 'largeBoulder_02 Thick Barren(Clone)').","
","","",""
"2022-01-23 18:28:47.8385","Warn","Unhandled","Renderer 'bush_forest_cover_01_LOD2' is registered with more than one LODGroup ('bush_forest_thick_cover_01' and 'largeBoulder_02 Thick Barren(Clone)').","
","","",""
"2022-01-23 18:28:47.8385","Warn","Unhandled","Renderer 'bush_forest_cover_01_LOD0' is registered with more than one LODGroup ('bush_forest_thick_cover_01' and 'largeBoulder_02 Thick Barren(Clone)').","
","","",""
"2022-01-23 18:28:47.8385","Warn","Unhandled","Renderer 'bush_forest_cover_01_LOD1' is registered with more than one LODGroup ('bush_forest_thick_cover_01' and 'largeBoulder_02 Thick Barren(Clone)').","
","","",""
"2022-01-23 18:28:47.8385","Warn","Unhandled","Renderer 'bush_forest_cover_01_LOD2' is registered with more than one LODGroup ('bush_forest_thick_cover_01' and 'largeBoulder_02 Thick Barren(Clone)').","
","","",""
"2022-01-23 18:28:47.9481","Warn","Unhandled","Renderer 'bush_forest_cover_01_LOD0' is registered with more than one LODGroup ('bush_forest_thick_cover_01' and 'largeBoulder_02 Flat Barren(Clone)').","
","","",""
"2022-01-23 18:28:47.9481","Warn","Unhandled","Renderer 'bush_forest_cover_01_LOD1' is registered with more than one LODGroup ('bush_forest_thick_cover_01' and 'largeBoulder_02 Flat Barren(Clone)').","
","","",""
"2022-01-23 18:28:47.9481","Warn","Unhandled","Renderer 'bush_forest_cover_01_LOD2' is registered with more than one LODGroup ('bush_forest_thick_cover_01' and 'largeBoulder_02 Flat Barren(Clone)').","
","","",""
"2022-01-23 18:28:47.9481","Warn","Unhandled","Renderer 'bush_forest_cover_01_LOD0' is registered with more than one LODGroup ('bush_forest_thick_cover_01' and 'largeBoulder_02 Flat Barren(Clone)').","
","","",""
"2022-01-23 18:28:47.9481","Warn","Unhandled","Renderer 'bush_forest_cover_01_LOD1' is registered with more than one LODGroup ('bush_forest_thick_cover_01' and 'largeBoulder_02 Flat Barren(Clone)').","
","","",""
"2022-01-23 18:28:47.9481","Warn","Unhandled","Renderer 'bush_forest_cover_01_LOD2' is registered with more than one LODGroup ('bush_forest_thick_cover_01' and 'largeBoulder_02 Flat Barren(Clone)').","
","","",""
"2022-01-23 18:28:47.9481","Warn","Unhandled","Renderer 'bush_forest_cover_01_LOD0' is registered with more than one LODGroup ('bush_forest_thick_cover_01' and 'largeBoulder_02 Flat Barren(Clone)').","
","","",""
"2022-01-23 18:28:47.9481","Warn","Unhandled","Renderer 'bush_forest_cover_01_LOD1' is registered with more than one LODGroup ('bush_forest_thick_cover_01' and 'largeBoulder_02 Flat Barren(Clone)').","
","","",""
"2022-01-23 18:28:47.9481","Warn","Unhandled","Renderer 'bush_forest_cover_01_LOD2' is registered with more than one LODGroup ('bush_forest_thick_cover_01' and 'largeBoulder_02 Flat Barren(Clone)').","
","","",""
"2022-01-23 18:28:47.9481","Warn","Unhandled","Renderer 'bush_forest_cover_01_LOD0' is registered with more than one LODGroup ('bush_forest_thick_cover_01' and 'largeBoulder_02 Flat Barren(Clone)').","
","","",""
"2022-01-23 18:28:47.9481","Warn","Unhandled","Renderer 'bush_forest_cover_01_LOD1' is registered with more than one LODGroup ('bush_forest_thick_cover_01' and 'largeBoulder_02 Flat Barren(Clone)').","
","","",""
"2022-01-23 18:28:47.9481","Warn","Unhandled","Renderer 'bush_forest_cover_01_LOD2' is registered with more than one LODGroup ('bush_forest_thick_cover_01' and 'largeBoulder_02 Flat Barren(Clone)').","
","","",""
"2022-01-23 18:28:47.9481","Warn","Unhandled","Renderer 'bush_forest_cover_01_LOD0' is registered with more than one LODGroup ('bush_forest_thick_cover_01' and 'largeBoulder_02 Flat Barren(Clone)').","
","","",""
"2022-01-23 18:28:47.9481","Warn","Unhandled","Renderer 'bush_forest_cover_01_LOD1' is registered with more than one LODGroup ('bush_forest_thick_cover_01' and 'largeBoulder_02 Flat Barren(Clone)').","
","","",""
"2022-01-23 18:28:47.9481","Warn","Unhandled","Renderer 'bush_forest_cover_01_LOD2' is registered with more than one LODGroup ('bush_forest_thick_cover_01' and 'largeBoulder_02 Flat Barren(Clone)').","
","","",""
"2022-01-23 18:28:47.9481","Warn","Unhandled","Renderer 'bush_forest_cover_01_LOD0' is registered with more than one LODGroup ('bush_forest_thick_cover_01' and 'largeBoulder_02 Flat Barren(Clone)').","
","","",""
"2022-01-23 18:28:47.9481","Warn","Unhandled","Renderer 'bush_forest_cover_01_LOD1' is registered with more than one LODGroup ('bush_forest_thick_cover_01' and 'largeBoulder_02 Flat Barren(Clone)').","
","","",""
"2022-01-23 18:28:47.9481","Warn","Unhandled","Renderer 'bush_forest_cover_01_LOD2' is registered with more than one LODGroup ('bush_forest_thick_cover_01' and 'largeBoulder_02 Flat Barren(Clone)').","
","","",""
"2022-01-23 18:30:51.9038","Warn","Unhandled","Renderer 'bush_forest_cover_01_LOD0' is registered with more than one LODGroup ('largeBoulder_02 Flat Barren(Clone)' and 'bush_forest_thick_cover_01').","
","","",""
"2022-01-23 18:30:51.9038","Warn","Unhandled","Renderer 'bush_forest_cover_01_LOD1' is registered with more than one LODGroup ('largeBoulder_02 Flat Barren(Clone)' and 'bush_forest_thick_cover_01').","
","","",""
"2022-01-23 18:30:51.9038","Warn","Unhandled","Renderer 'bush_forest_cover_01_LOD2' is registered with more than one LODGroup ('largeBoulder_02 Flat Barren(Clone)' and 'bush_forest_thick_cover_01').","
","","",""
"2022-01-23 18:30:51.9038","Warn","Unhandled","Renderer 'bush_forest_cover_01_LOD0' is registered with more than one LODGroup ('largeBoulder_02 Flat Barren(Clone)' and 'bush_forest_thick_cover_01').","
","","",""
"2022-01-23 18:30:51.9038","Warn","Unhandled","Renderer 'bush_forest_cover_01_LOD1' is registered with more than one LODGroup ('largeBoulder_02 Flat Barren(Clone)' and 'bush_forest_thick_cover_01').","
","","",""
"2022-01-23 18:30:51.9038","Warn","Unhandled","Renderer 'bush_forest_cover_01_LOD2' is registered with more than one LODGroup ('largeBoulder_02 Flat Barren(Clone)' and 'bush_forest_thick_cover_01').","
","","",""
"2022-01-23 18:33:19.1705","Warn","Unhandled","Renderer 'bush_forest_cover_01_LOD0' is registered with more than one LODGroup ('largeBoulder_02 Flat Barren(Clone)' and 'bush_forest_thick_cover_01').","
","","",""
"2022-01-23 18:33:19.1705","Warn","Unhandled","Renderer 'bush_forest_cover_01_LOD1' is registered with more than one LODGroup ('largeBoulder_02 Flat Barren(Clone)' and 'bush_forest_thick_cover_01').","
","","",""
"2022-01-23 18:33:19.1705","Warn","Unhandled","Renderer 'bush_forest_cover_01_LOD2' is registered with more than one LODGroup ('largeBoulder_02 Flat Barren(Clone)' and 'bush_forest_thick_cover_01').","
","","",""
"2022-01-23 18:33:19.1705","Warn","Unhandled","Renderer 'bush_forest_cover_01_LOD0' is registered with more than one LODGroup ('largeBoulder_02 Flat Barren(Clone)' and 'bush_forest_thick_cover_01').","
","","",""
"2022-01-23 18:33:19.1705","Warn","Unhandled","Renderer 'bush_forest_cover_01_LOD1' is registered with more than one LODGroup ('largeBoulder_02 Flat Barren(Clone)' and 'bush_forest_thick_cover_01').","
","","",""
"2022-01-23 18:33:19.1705","Warn","Unhandled","Renderer 'bush_forest_cover_01_LOD2' is registered with more than one LODGroup ('largeBoulder_02 Flat Barren(Clone)' and 'bush_forest_thick_cover_01').","
","","",""
"2022-01-23 18:38:23.1262","Warn","Unhandled","Renderer 'bush_forest_cover_01_LOD0' is registered with more than one LODGroup ('largeBoulder_02 Flat Barren(Clone)' and 'bush_forest_thick_cover_01').","
","","",""
"2022-01-23 18:38:23.1262","Warn","Unhandled","Renderer 'bush_forest_cover_01_LOD1' is registered with more than one LODGroup ('largeBoulder_02 Flat Barren(Clone)' and 'bush_forest_thick_cover_01').","
","","",""
"2022-01-23 18:38:23.1262","Warn","Unhandled","Renderer 'bush_forest_cover_01_LOD2' is registered with more than one LODGroup ('largeBoulder_02 Flat Barren(Clone)' and 'bush_forest_thick_cover_01').","
","","",""
"2022-01-23 18:38:23.1262","Warn","Unhandled","Renderer 'bush_forest_cover_01_LOD0' is registered with more than one LODGroup ('largeBoulder_02 Flat Barren(Clone)' and 'bush_forest_thick_cover_01').","
","","",""
"2022-01-23 18:38:23.1262","Warn","Unhandled","Renderer 'bush_forest_cover_01_LOD1' is registered with more than one LODGroup ('largeBoulder_02 Flat Barren(Clone)' and 'bush_forest_thick_cover_01').","
","","",""
"2022-01-23 18:38:23.1262","Warn","Unhandled","Renderer 'bush_forest_cover_01_LOD2' is registered with more than one LODGroup ('largeBoulder_02 Flat Barren(Clone)' and 'bush_forest_thick_cover_01').","
","","",""
"2022-01-23 18:38:23.1262","Warn","Unhandled","Renderer 'bush_forest_cover_01_LOD0' is registered with more than one LODGroup ('largeBoulder_02 Thick Barren(Clone)' and 'bush_forest_thick_cover_01').","
","","",""
"2022-01-23 18:38:23.1262","Warn","Unhandled","Renderer 'bush_forest_cover_01_LOD1' is registered with more than one LODGroup ('largeBoulder_02 Thick Barren(Clone)' and 'bush_forest_thick_cover_01').","
","","",""
"2022-01-23 18:38:23.1262","Warn","Unhandled","Renderer 'bush_forest_cover_01_LOD2' is registered with more than one LODGroup ('largeBoulder_02 Thick Barren(Clone)' and 'bush_forest_thick_cover_01').","
","","",""
"2022-01-23 18:38:23.1262","Warn","Unhandled","Renderer 'bush_forest_cover_01_LOD0' is registered with more than one LODGroup ('largeBoulder_02 Thick Barren(Clone)' and 'bush_forest_thick_cover_01').","
","","",""
"2022-01-23 18:38:23.1262","Warn","Unhandled","Renderer 'bush_forest_cover_01_LOD1' is registered with more than one LODGroup ('largeBoulder_02 Thick Barren(Clone)' and 'bush_forest_thick_cover_01').","
","","",""
"2022-01-23 18:38:23.1262","Warn","Unhandled","Renderer 'bush_forest_cover_01_LOD2' is registered with more than one LODGroup ('largeBoulder_02 Thick Barren(Clone)' and 'bush_forest_thick_cover_01').","
","","",""
"2022-01-23 18:38:55.2244","Warn","Unhandled","Renderer 'bush_forest_cover_01_LOD0' is registered with more than one LODGroup ('largeBoulder_02 Flat Barren(Clone)' and 'bush_forest_thick_cover_01').","
","","",""
"2022-01-23 18:38:55.2244","Warn","Unhandled","Renderer 'bush_forest_cover_01_LOD1' is registered with more than one LODGroup ('largeBoulder_02 Flat Barren(Clone)' and 'bush_forest_thick_cover_01').","
","","",""
"2022-01-23 18:38:55.2244","Warn","Unhandled","Renderer 'bush_forest_cover_01_LOD2' is registered with more than one LODGroup ('largeBoulder_02 Flat Barren(Clone)' and 'bush_forest_thick_cover_01').","
","","",""
"2022-01-23 18:38:55.2244","Warn","Unhandled","Renderer 'bush_forest_cover_01_LOD0' is registered with more than one LODGroup ('largeBoulder_02 Flat Barren(Clone)' and 'bush_forest_thick_cover_01').","
","","",""
"2022-01-23 18:38:55.2244","Warn","Unhandled","Renderer 'bush_forest_cover_01_LOD1' is registered with more than one LODGroup ('largeBoulder_02 Flat Barren(Clone)' and 'bush_forest_thick_cover_01').","
","","",""
"2022-01-23 18:38:55.2244","Warn","Unhandled","Renderer 'bush_forest_cover_01_LOD2' is registered with more than one LODGroup ('largeBoulder_02 Flat Barren(Clone)' and 'bush_forest_thick_cover_01').","
","","",""
"2022-01-23 18:38:55.2244","Warn","Unhandled","Renderer 'bush_forest_cover_01_LOD0' is registered with more than one LODGroup ('largeBoulder_02 Thick Barren(Clone)' and 'bush_forest_thick_cover_01').","
","","",""
"2022-01-23 18:38:55.2244","Warn","Unhandled","Renderer 'bush_forest_cover_01_LOD1' is registered with more than one LODGroup ('largeBoulder_02 Thick Barren(Clone)' and 'bush_forest_thick_cover_01').","
","","",""
"2022-01-23 18:38:55.2244","Warn","Unhandled","Renderer 'bush_forest_cover_01_LOD2' is registered with more than one LODGroup ('largeBoulder_02 Thick Barren(Clone)' and 'bush_forest_thick_cover_01').","
","","",""
"2022-01-23 18:38:55.2244","Warn","Unhandled","Renderer 'bush_forest_cover_01_LOD0' is registered with more than one LODGroup ('largeBoulder_02 Thick Barren(Clone)' and 'bush_forest_thick_cover_01').","
","","",""
"2022-01-23 18:38:55.2244","Warn","Unhandled","Renderer 'bush_forest_cover_01_LOD1' is registered with more than one LODGroup ('largeBoulder_02 Thick Barren(Clone)' and 'bush_forest_thick_cover_01').","
","","",""
"2022-01-23 18:38:55.2244","Warn","Unhandled","Renderer 'bush_forest_cover_01_LOD2' is registered with more than one LODGroup ('largeBoulder_02 Thick Barren(Clone)' and 'bush_forest_thick_cover_01').","
","","",""
"2022-01-23 18:47:40.6717","Warn","Unhandled","Renderer 'bush_forest_cover_01_LOD0' is registered with more than one LODGroup ('largeBoulder_02 Flat Barren(Clone)' and 'bush_forest_thick_cover_01').","
","","",""
"2022-01-23 18:47:40.6717","Warn","Unhandled","Renderer 'bush_forest_cover_01_LOD1' is registered with more than one LODGroup ('largeBoulder_02 Flat Barren(Clone)' and 'bush_forest_thick_cover_01').","
","","",""
"2022-01-23 18:47:40.6717","Warn","Unhandled","Renderer 'bush_forest_cover_01_LOD2' is registered with more than one LODGroup ('largeBoulder_02 Flat Barren(Clone)' and 'bush_forest_thick_cover_01').","
","","",""
"2022-01-23 18:47:40.6717","Warn","Unhandled","Renderer 'bush_forest_cover_01_LOD0' is registered with more than one LODGroup ('largeBoulder_02 Flat Barren(Clone)' and 'bush_forest_thick_cover_01').","
","","",""
"2022-01-23 18:47:40.6717","Warn","Unhandled","Renderer 'bush_forest_cover_01_LOD1' is registered with more than one LODGroup ('largeBoulder_02 Flat Barren(Clone)' and 'bush_forest_thick_cover_01').","
","","",""
"2022-01-23 18:47:40.6717","Warn","Unhandled","Renderer 'bush_forest_cover_01_LOD2' is registered with more than one LODGroup ('largeBoulder_02 Flat Barren(Clone)' and 'bush_forest_thick_cover_01').","
","","",""
"2022-01-23 18:47:40.6717","Warn","Unhandled","Renderer 'bush_forest_cover_01_LOD0' is registered with more than one LODGroup ('largeBoulder_02 Thick Barren(Clone)' and 'bush_forest_thick_cover_01').","
","","",""
"2022-01-23 18:47:40.6717","Warn","Unhandled","Renderer 'bush_forest_cover_01_LOD1' is registered with more than one LODGroup ('largeBoulder_02 Thick Barren(Clone)' and 'bush_forest_thick_cover_01').","
","","",""
"2022-01-23 18:47:40.6717","Warn","Unhandled","Renderer 'bush_forest_cover_01_LOD2' is registered with more than one LODGroup ('largeBoulder_02 Thick Barren(Clone)' and 'bush_forest_thick_cover_01').","
","","",""
"2022-01-23 18:47:40.6717","Warn","Unhandled","Renderer 'bush_forest_cover_01_LOD0' is registered with more than one LODGroup ('largeBoulder_02 Thick Barren(Clone)' and 'bush_forest_thick_cover_01').","
","","",""
"2022-01-23 18:47:40.6717","Warn","Unhandled","Renderer 'bush_forest_cover_01_LOD1' is registered with more than one LODGroup ('largeBoulder_02 Thick Barren(Clone)' and 'bush_forest_thick_cover_01').","
","","",""
"2022-01-23 18:47:40.6717","Warn","Unhandled","Renderer 'bush_forest_cover_01_LOD2' is registered with more than one LODGroup ('largeBoulder_02 Thick Barren(Clone)' and 'bush_forest_thick_cover_01').","
","","",""
"2022-01-23 18:48:45.3491","Warn","Unhandled","Renderer 'bush_forest_cover_01_LOD0' is registered with more than one LODGroup ('largeBoulder_02 Flat Barren(Clone)' and 'bush_forest_thick_cover_01').","
","","",""
"2022-01-23 18:48:45.3491","Warn","Unhandled","Renderer 'bush_forest_cover_01_LOD1' is registered with more than one LODGroup ('largeBoulder_02 Flat Barren(Clone)' and 'bush_forest_thick_cover_01').","
","","",""
"2022-01-23 18:48:45.3491","Warn","Unhandled","Renderer 'bush_forest_cover_01_LOD2' is registered with more than one LODGroup ('largeBoulder_02 Flat Barren(Clone)' and 'bush_forest_thick_cover_01').","
","","",""
"2022-01-23 18:48:45.3491","Warn","Unhandled","Renderer 'bush_forest_cover_01_LOD0' is registered with more than one LODGroup ('largeBoulder_02 Flat Barren(Clone)' and 'bush_forest_thick_cover_01').","
","","",""
"2022-01-23 18:48:45.3491","Warn","Unhandled","Renderer 'bush_forest_cover_01_LOD1' is registered with more than one LODGroup ('largeBoulder_02 Flat Barren(Clone)' and 'bush_forest_thick_cover_01').","
","","",""
"2022-01-23 18:48:45.3491","Warn","Unhandled","Renderer 'bush_forest_cover_01_LOD2' is registered with more than one LODGroup ('largeBoulder_02 Flat Barren(Clone)' and 'bush_forest_thick_cover_01').","
","","",""
"2022-01-23 18:50:47.2394","Warn","Unhandled","Renderer 'bush_forest_cover_01_LOD0' is registered with more than one LODGroup ('largeBoulder_02 Flat Barren(Clone)' and 'bush_forest_thick_cover_01').","
","","",""
"2022-01-23 18:50:47.2394","Warn","Unhandled","Renderer 'bush_forest_cover_01_LOD1' is registered with more than one LODGroup ('largeBoulder_02 Flat Barren(Clone)' and 'bush_forest_thick_cover_01').","
","","",""
"2022-01-23 18:50:47.2394","Warn","Unhandled","Renderer 'bush_forest_cover_01_LOD2' is registered with more than one LODGroup ('largeBoulder_02 Flat Barren(Clone)' and 'bush_forest_thick_cover_01').","
","","",""
"2022-01-23 18:50:47.2394","Warn","Unhandled","Renderer 'bush_forest_cover_01_LOD0' is registered with more than one LODGroup ('largeBoulder_02 Flat Barren(Clone)' and 'bush_forest_thick_cover_01').","
","","",""
"2022-01-23 18:50:47.2394","Warn","Unhandled","Renderer 'bush_forest_cover_01_LOD1' is registered with more than one LODGroup ('largeBoulder_02 Flat Barren(Clone)' and 'bush_forest_thick_cover_01').","
","","",""
"2022-01-23 18:50:47.2394","Warn","Unhandled","Renderer 'bush_forest_cover_01_LOD2' is registered with more than one LODGroup ('largeBoulder_02 Flat Barren(Clone)' and 'bush_forest_thick_cover_01').","
","","",""
"2022-01-23 18:51:58.6379","Warn","Unhandled","Renderer 'bush_forest_cover_01_LOD0' is registered with more than one LODGroup ('largeBoulder_02 Flat Barren(Clone)' and 'bush_forest_thick_cover_01').","
","","",""
"2022-01-23 18:51:58.6379","Warn","Unhandled","Renderer 'bush_forest_cover_01_LOD1' is registered with more than one LODGroup ('largeBoulder_02 Flat Barren(Clone)' and 'bush_forest_thick_cover_01').","
","","",""
"2022-01-23 18:51:58.6379","Warn","Unhandled","Renderer 'bush_forest_cover_01_LOD2' is registered with more than one LODGroup ('largeBoulder_02 Flat Barren(Clone)' and 'bush_forest_thick_cover_01').","
","","",""
"2022-01-23 18:51:58.6379","Warn","Unhandled","Renderer 'bush_forest_cover_01_LOD0' is registered with more than one LODGroup ('largeBoulder_02 Flat Barren(Clone)' and 'bush_forest_thick_cover_01').","
","","",""
"2022-01-23 18:51:58.6379","Warn","Unhandled","Renderer 'bush_forest_cover_01_LOD1' is registered with more than one LODGroup ('largeBoulder_02 Flat Barren(Clone)' and 'bush_forest_thick_cover_01').","
","","",""
"2022-01-23 18:51:58.6379","Warn","Unhandled","Renderer 'bush_forest_cover_01_LOD2' is registered with more than one LODGroup ('largeBoulder_02 Flat Barren(Clone)' and 'bush_forest_thick_cover_01').","
","","",""
"2022-01-23 18:51:58.6379","Warn","Unhandled","Renderer 'bush_forest_cover_01_LOD0' is registered with more than one LODGroup ('largeBoulder_02 Thick Barren(Clone)' and 'bush_forest_thick_cover_01').","
","","",""
"2022-01-23 18:51:58.6379","Warn","Unhandled","Renderer 'bush_forest_cover_01_LOD1' is registered with more than one LODGroup ('largeBoulder_02 Thick Barren(Clone)' and 'bush_forest_thick_cover_01').","
","","",""
"2022-01-23 18:51:58.6379","Warn","Unhandled","Renderer 'bush_forest_cover_01_LOD2' is registered with more than one LODGroup ('largeBoulder_02 Thick Barren(Clone)' and 'bush_forest_thick_cover_01').","
","","",""
"2022-01-23 18:51:58.6379","Warn","Unhandled","Renderer 'bush_forest_cover_01_LOD0' is registered with more than one LODGroup ('largeBoulder_02 Thick Barren(Clone)' and 'bush_forest_thick_cover_01').","
","","",""
"2022-01-23 18:51:58.6379","Warn","Unhandled","Renderer 'bush_forest_cover_01_LOD1' is registered with more than one LODGroup ('largeBoulder_02 Thick Barren(Clone)' and 'bush_forest_thick_cover_01').","
","","",""
"2022-01-23 18:51:58.6379","Warn","Unhandled","Renderer 'bush_forest_cover_01_LOD2' is registered with more than one LODGroup ('largeBoulder_02 Thick Barren(Clone)' and 'bush_forest_thick_cover_01').","
","","",""
"2022-01-23 18:51:58.7481","Warn","Unhandled","Renderer 'bush_forest_cover_01_LOD0' is registered with more than one LODGroup ('largeBoulder_02 Flat Barren(Clone)' and 'bush_forest_thick_cover_01').","
","","",""
"2022-01-23 18:51:58.7481","Warn","Unhandled","Renderer 'bush_forest_cover_01_LOD1' is registered with more than one LODGroup ('largeBoulder_02 Flat Barren(Clone)' and 'bush_forest_thick_cover_01').","
","","",""
"2022-01-23 18:51:58.7481","Warn","Unhandled","Renderer 'bush_forest_cover_01_LOD2' is registered with more than one LODGroup ('largeBoulder_02 Flat Barren(Clone)' and 'bush_forest_thick_cover_01').","
","","",""
"2022-01-23 18:51:58.7481","Warn","Unhandled","Renderer 'bush_forest_cover_01_LOD0' is registered with more than one LODGroup ('largeBoulder_02 Flat Barren(Clone)' and 'bush_forest_thick_cover_01').","
","","",""
"2022-01-23 18:51:58.7481","Warn","Unhandled","Renderer 'bush_forest_cover_01_LOD1' is registered with more than one LODGroup ('largeBoulder_02 Flat Barren(Clone)' and 'bush_forest_thick_cover_01').","
","","",""
"2022-01-23 18:51:58.7481","Warn","Unhandled","Renderer 'bush_forest_cover_01_LOD2' is registered with more than one LODGroup ('largeBoulder_02 Flat Barren(Clone)' and 'bush_forest_thick_cover_01').","
","","",""
"2022-01-23 18:51:58.7481","Warn","Unhandled","Renderer 'bush_forest_cover_01_LOD0' is registered with more than one LODGroup ('largeBoulder_02 Flat Barren(Clone)' and 'bush_forest_thick_cover_01').","
","","",""
"2022-01-23 18:51:58.7481","Warn","Unhandled","Renderer 'bush_forest_cover_01_LOD1' is registered with more than one LODGroup ('largeBoulder_02 Flat Barren(Clone)' and 'bush_forest_thick_cover_01').","
","","",""
"2022-01-23 18:51:58.7481","Warn","Unhandled","Renderer 'bush_forest_cover_01_LOD2' is registered with more than one LODGroup ('largeBoulder_02 Flat Barren(Clone)' and 'bush_forest_thick_cover_01').","
","","",""
"2022-01-23 18:51:58.7481","Warn","Unhandled","Renderer 'bush_forest_cover_01_LOD0' is registered with more than one LODGroup ('largeBoulder_02 Flat Barren(Clone)' and 'bush_forest_thick_cover_01').","
","","",""
"2022-01-23 18:51:58.7481","Warn","Unhandled","Renderer 'bush_forest_cover_01_LOD1' is registered with more than one LODGroup ('largeBoulder_02 Flat Barren(Clone)' and 'bush_forest_thick_cover_01').","
","","",""
"2022-01-23 18:51:58.7481","Warn","Unhandled","Renderer 'bush_forest_cover_01_LOD2' is registered with more than one LODGroup ('largeBoulder_02 Flat Barren(Clone)' and 'bush_forest_thick_cover_01').","
","","",""
"2022-01-23 18:51:58.7481","Warn","Unhandled","Renderer 'bush_forest_cover_01_LOD0' is registered with more than one LODGroup ('largeBoulder_02 Flat Barren(Clone)' and 'bush_forest_thick_cover_01').","
","","",""
"2022-01-23 18:51:58.7481","Warn","Unhandled","Renderer 'bush_forest_cover_01_LOD1' is registered with more than one LODGroup ('largeBoulder_02 Flat Barren(Clone)' and 'bush_forest_thick_cover_01').","
","","",""
"2022-01-23 18:51:58.7481","Warn","Unhandled","Renderer 'bush_forest_cover_01_LOD2' is registered with more than one LODGroup ('largeBoulder_02 Flat Barren(Clone)' and 'bush_forest_thick_cover_01').","
","","",""
"2022-01-23 18:51:58.7481","Warn","Unhandled","Renderer 'bush_forest_cover_01_LOD0' is registered with more than one LODGroup ('largeBoulder_02 Flat Barren(Clone)' and 'bush_forest_thick_cover_01').","
","","",""
"2022-01-23 18:51:58.7481","Warn","Unhandled","Renderer 'bush_forest_cover_01_LOD1' is registered with more than one LODGroup ('largeBoulder_02 Flat Barren(Clone)' and 'bush_forest_thick_cover_01').","
","","",""
"2022-01-23 18:51:58.7481","Warn","Unhandled","Renderer 'bush_forest_cover_01_LOD2' is registered with more than one LODGroup ('largeBoulder_02 Flat Barren(Clone)' and 'bush_forest_thick_cover_01').","
","","",""
"2022-01-23 18:52:13.4235","Warn","Unhandled","Renderer 'bush_forest_cover_01_LOD0' is registered with more than one LODGroup ('largeBoulder_02 Flat Barren(Clone)' and 'bush_forest_thick_cover_01').","
","","",""
"2022-01-23 18:52:13.4235","Warn","Unhandled","Renderer 'bush_forest_cover_01_LOD1' is registered with more than one LODGroup ('largeBoulder_02 Flat Barren(Clone)' and 'bush_forest_thick_cover_01').","
","","",""
"2022-01-23 18:52:13.4235","Warn","Unhandled","Renderer 'bush_forest_cover_01_LOD2' is registered with more than one LODGroup ('largeBoulder_02 Flat Barren(Clone)' and 'bush_forest_thick_cover_01').","
","","",""
"2022-01-23 18:52:13.4235","Warn","Unhandled","Renderer 'bush_forest_cover_01_LOD0' is registered with more than one LODGroup ('largeBoulder_02 Flat Barren(Clone)' and 'bush_forest_thick_cover_01').","
","","",""
"2022-01-23 18:52:13.4235","Warn","Unhandled","Renderer 'bush_forest_cover_01_LOD1' is registered with more than one LODGroup ('largeBoulder_02 Flat Barren(Clone)' and 'bush_forest_thick_cover_01').","
","","",""
"2022-01-23 18:52:13.4235","Warn","Unhandled","Renderer 'bush_forest_cover_01_LOD2' is registered with more than one LODGroup ('largeBoulder_02 Flat Barren(Clone)' and 'bush_forest_thick_cover_01').","
","","",""
"2022-01-23 18:52:13.4235","Warn","Unhandled","Renderer 'bush_forest_cover_01_LOD0' is registered with more than one LODGroup ('largeBoulder_02 Thick Barren(Clone)' and 'bush_forest_thick_cover_01').","
","","",""
"2022-01-23 18:52:13.4235","Warn","Unhandled","Renderer 'bush_forest_cover_01_LOD1' is registered with more than one LODGroup ('largeBoulder_02 Thick Barren(Clone)' and 'bush_forest_thick_cover_01').","
","","",""
"2022-01-23 18:52:13.4235","Warn","Unhandled","Renderer 'bush_forest_cover_01_LOD2' is registered with more than one LODGroup ('largeBoulder_02 Thick Barren(Clone)' and 'bush_forest_thick_cover_01').","
","","",""
"2022-01-23 18:52:13.4235","Warn","Unhandled","Renderer 'bush_forest_cover_01_LOD0' is registered with more than one LODGroup ('largeBoulder_02 Thick Barren(Clone)' and 'bush_forest_thick_cover_01').","
","","",""
"2022-01-23 18:52:13.4235","Warn","Unhandled","Renderer 'bush_forest_cover_01_LOD1' is registered with more than one LODGroup ('largeBoulder_02 Thick Barren(Clone)' and 'bush_forest_thick_cover_01').","
","","",""
"2022-01-23 18:52:13.4235","Warn","Unhandled","Renderer 'bush_forest_cover_01_LOD2' is registered with more than one LODGroup ('largeBoulder_02 Thick Barren(Clone)' and 'bush_forest_thick_cover_01').","
","","",""
"2022-01-23 18:52:13.5485","Warn","Unhandled","Renderer 'bush_forest_cover_01_LOD0' is registered with more than one LODGroup ('largeBoulder_02 Flat Barren(Clone)' and 'bush_forest_thick_cover_01').","
","","",""
"2022-01-23 18:52:13.5485","Warn","Unhandled","Renderer 'bush_forest_cover_01_LOD1' is registered with more than one LODGroup ('largeBoulder_02 Flat Barren(Clone)' and 'bush_forest_thick_cover_01').","
","","",""
"2022-01-23 18:52:13.5485","Warn","Unhandled","Renderer 'bush_forest_cover_01_LOD2' is registered with more than one LODGroup ('largeBoulder_02 Flat Barren(Clone)' and 'bush_forest_thick_cover_01').","
","","",""
"2022-01-23 18:52:13.5485","Warn","Unhandled","Renderer 'bush_forest_cover_01_LOD0' is registered with more than one LODGroup ('largeBoulder_02 Flat Barren(Clone)' and 'bush_forest_thick_cover_01').","
","","",""
"2022-01-23 18:52:13.5485","Warn","Unhandled","Renderer 'bush_forest_cover_01_LOD1' is registered with more than one LODGroup ('largeBoulder_02 Flat Barren(Clone)' and 'bush_forest_thick_cover_01').","
","","",""
"2022-01-23 18:52:13.5485","Warn","Unhandled","Renderer 'bush_forest_cover_01_LOD2' is registered with more than one LODGroup ('largeBoulder_02 Flat Barren(Clone)' and 'bush_forest_thick_cover_01').","
","","",""
"2022-01-23 18:52:13.5485","Warn","Unhandled","Renderer 'bush_forest_cover_01_LOD0' is registered with more than one LODGroup ('largeBoulder_02 Flat Barren(Clone)' and 'bush_forest_thick_cover_01').","
","","",""
"2022-01-23 18:52:13.5485","Warn","Unhandled","Renderer 'bush_forest_cover_01_LOD1' is registered with more than one LODGroup ('largeBoulder_02 Flat Barren(Clone)' and 'bush_forest_thick_cover_01').","
","","",""
"2022-01-23 18:52:13.5485","Warn","Unhandled","Renderer 'bush_forest_cover_01_LOD2' is registered with more than one LODGroup ('largeBoulder_02 Flat Barren(Clone)' and 'bush_forest_thick_cover_01').","
","","",""
"2022-01-23 18:52:13.5485","Warn","Unhandled","Renderer 'bush_forest_cover_01_LOD0' is registered with more than one LODGroup ('largeBoulder_02 Flat Barren(Clone)' and 'bush_forest_thick_cover_01').","
","","",""
"2022-01-23 18:52:13.5485","Warn","Unhandled","Renderer 'bush_forest_cover_01_LOD1' is registered with more than one LODGroup ('largeBoulder_02 Flat Barren(Clone)' and 'bush_forest_thick_cover_01').","
","","",""
"2022-01-23 18:52:13.5485","Warn","Unhandled","Renderer 'bush_forest_cover_01_LOD2' is registered with more than one LODGroup ('largeBoulder_02 Flat Barren(Clone)' and 'bush_forest_thick_cover_01').","
","","",""
"2022-01-23 18:52:13.5485","Warn","Unhandled","Renderer 'bush_forest_cover_01_LOD0' is registered with more than one LODGroup ('largeBoulder_02 Flat Barren(Clone)' and 'bush_forest_thick_cover_01').","
","","",""
"2022-01-23 18:52:13.5511","Warn","Unhandled","Renderer 'bush_forest_cover_01_LOD1' is registered with more than one LODGroup ('largeBoulder_02 Flat Barren(Clone)' and 'bush_forest_thick_cover_01').","
","","",""
"2022-01-23 18:52:13.5511","Warn","Unhandled","Renderer 'bush_forest_cover_01_LOD2' is registered with more than one LODGroup ('largeBoulder_02 Flat Barren(Clone)' and 'bush_forest_thick_cover_01').","
","","",""
"2022-01-23 18:52:13.5511","Warn","Unhandled","Renderer 'bush_forest_cover_01_LOD0' is registered with more than one LODGroup ('largeBoulder_02 Flat Barren(Clone)' and 'bush_forest_thick_cover_01').","
","","",""
"2022-01-23 18:52:13.5511","Warn","Unhandled","Renderer 'bush_forest_cover_01_LOD1' is registered with more than one LODGroup ('largeBoulder_02 Flat Barren(Clone)' and 'bush_forest_thick_cover_01').","
","","",""
"2022-01-23 18:52:13.5511","Warn","Unhandled","Renderer 'bush_forest_cover_01_LOD2' is registered with more than one LODGroup ('largeBoulder_02 Flat Barren(Clone)' and 'bush_forest_thick_cover_01').","
","","",""
"2022-01-23 18:53:02.6694","Warn","Unhandled","Renderer 'bush_forest_cover_01_LOD0' is registered with more than one LODGroup ('largeBoulder_02 Thick Barren(Clone)' and 'bush_forest_thick_cover_01').","
","","",""
"2022-01-23 18:53:02.6694","Warn","Unhandled","Renderer 'bush_forest_cover_01_LOD1' is registered with more than one LODGroup ('largeBoulder_02 Thick Barren(Clone)' and 'bush_forest_thick_cover_01').","
","","",""
"2022-01-23 18:53:02.6694","Warn","Unhandled","Renderer 'bush_forest_cover_01_LOD2' is registered with more than one LODGroup ('largeBoulder_02 Thick Barren(Clone)' and 'bush_forest_thick_cover_01').","
","","",""
"2022-01-23 18:53:02.6694","Warn","Unhandled","Renderer 'bush_forest_cover_01_LOD0' is registered with more than one LODGroup ('largeBoulder_02 Thick Barren(Clone)' and 'bush_forest_thick_cover_01').","
","","",""
"2022-01-23 18:53:02.6694","Warn","Unhandled","Renderer 'bush_forest_cover_01_LOD1' is registered with more than one LODGroup ('largeBoulder_02 Thick Barren(Clone)' and 'bush_forest_thick_cover_01').","
","","",""
"2022-01-23 18:53:02.6694","Warn","Unhandled","Renderer 'bush_forest_cover_01_LOD2' is registered with more than one LODGroup ('largeBoulder_02 Thick Barren(Clone)' and 'bush_forest_thick_cover_01').","
","","",""
"2022-01-23 18:53:02.6694","Warn","Unhandled","Renderer 'bush_forest_cover_01_LOD0' is registered with more than one LODGroup ('largeBoulder_02 Flat Barren(Clone)' and 'bush_forest_thick_cover_01').","
","","",""
"2022-01-23 18:53:02.6694","Warn","Unhandled","Renderer 'bush_forest_cover_01_LOD1' is registered with more than one LODGroup ('largeBoulder_02 Flat Barren(Clone)' and 'bush_forest_thick_cover_01').","
","","",""
"2022-01-23 18:53:02.6694","Warn","Unhandled","Renderer 'bush_forest_cover_01_LOD2' is registered with more than one LODGroup ('largeBoulder_02 Flat Barren(Clone)' and 'bush_forest_thick_cover_01').","
","","",""
"2022-01-23 18:53:02.6694","Warn","Unhandled","Renderer 'bush_forest_cover_01_LOD0' is registered with more than one LODGroup ('largeBoulder_02 Flat Barren(Clone)' and 'bush_forest_thick_cover_01').","
","","",""
"2022-01-23 18:53:02.6694","Warn","Unhandled","Renderer 'bush_forest_cover_01_LOD1' is registered with more than one LODGroup ('largeBoulder_02 Flat Barren(Clone)' and 'bush_forest_thick_cover_01').","
","","",""
"2022-01-23 18:53:02.6694","Warn","Unhandled","Renderer 'bush_forest_cover_01_LOD2' is registered with more than one LODGroup ('largeBoulder_02 Flat Barren(Clone)' and 'bush_forest_thick_cover_01').","
","","",""
"2022-01-23 18:53:02.7481","Warn","Unhandled","Renderer 'bush_forest_cover_01_LOD0' is registered with more than one LODGroup ('largeBoulder_02 Flat Barren(Clone)' and 'bush_forest_thick_cover_01').","
","","",""
"2022-01-23 18:53:02.7481","Warn","Unhandled","Renderer 'bush_forest_cover_01_LOD1' is registered with more than one LODGroup ('largeBoulder_02 Flat Barren(Clone)' and 'bush_forest_thick_cover_01').","
","","",""
"2022-01-23 18:53:02.7481","Warn","Unhandled","Renderer 'bush_forest_cover_01_LOD2' is registered with more than one LODGroup ('largeBoulder_02 Flat Barren(Clone)' and 'bush_forest_thick_cover_01').","
","","",""
"2022-01-23 18:53:02.7481","Warn","Unhandled","Renderer 'bush_forest_cover_01_LOD0' is registered with more than one LODGroup ('largeBoulder_02 Flat Barren(Clone)' and 'bush_forest_thick_cover_01').","
","","",""
"2022-01-23 18:53:02.7481","Warn","Unhandled","Renderer 'bush_forest_cover_01_LOD1' is registered with more than one LODGroup ('largeBoulder_02 Flat Barren(Clone)' and 'bush_forest_thick_cover_01').","
","","",""
"2022-01-23 18:53:02.7481","Warn","Unhandled","Renderer 'bush_forest_cover_01_LOD2' is registered with more than one LODGroup ('largeBoulder_02 Flat Barren(Clone)' and 'bush_forest_thick_cover_01').","
","","",""
"2022-01-23 18:53:02.7481","Warn","Unhandled","Renderer 'bush_forest_cover_01_LOD0' is registered with more than one LODGroup ('bush_forest_thick_cover_01' and 'largeBoulder_02 Flat Barren(Clone)').","
","","",""
"2022-01-23 18:53:02.7481","Warn","Unhandled","Renderer 'bush_forest_cover_01_LOD1' is registered with more than one LODGroup ('bush_forest_thick_cover_01' and 'largeBoulder_02 Flat Barren(Clone)').","
","","",""
"2022-01-23 18:53:02.7481","Warn","Unhandled","Renderer 'bush_forest_cover_01_LOD2' is registered with more than one LODGroup ('bush_forest_thick_cover_01' and 'largeBoulder_02 Flat Barren(Clone)').","
","","",""
"2022-01-23 18:53:02.7481","Warn","Unhandled","Renderer 'bush_forest_cover_01_LOD0' is registered with more than one LODGroup ('bush_forest_thick_cover_01' and 'largeBoulder_02 Flat Barren(Clone)').","
","","",""
"2022-01-23 18:53:02.7481","Warn","Unhandled","Renderer 'bush_forest_cover_01_LOD1' is registered with more than one LODGroup ('bush_forest_thick_cover_01' and 'largeBoulder_02 Flat Barren(Clone)').","
","","",""
"2022-01-23 18:53:02.7481","Warn","Unhandled","Renderer 'bush_forest_cover_01_LOD2' is registered with more than one LODGroup ('bush_forest_thick_cover_01' and 'largeBoulder_02 Flat Barren(Clone)').","
","","",""
"2022-01-23 18:54:48.6097","Warn","Unhandled","Renderer 'bush_forest_cover_01_LOD0' is registered with more than one LODGroup ('bush_forest_thick_cover_01' and 'largeBoulder_02 Flat Barren(Clone)').","
","","",""
"2022-01-23 18:54:48.6097","Warn","Unhandled","Renderer 'bush_forest_cover_01_LOD1' is registered with more than one LODGroup ('bush_forest_thick_cover_01' and 'largeBoulder_02 Flat Barren(Clone)').","
","","",""
"2022-01-23 18:54:48.6097","Warn","Unhandled","Renderer 'bush_forest_cover_01_LOD2' is registered with more than one LODGroup ('bush_forest_thick_cover_01' and 'largeBoulder_02 Flat Barren(Clone)').","
","","",""
"2022-01-23 18:54:48.6097","Warn","Unhandled","Renderer 'bush_forest_cover_01_LOD0' is registered with more than one LODGroup ('bush_forest_thick_cover_01' and 'largeBoulder_02 Flat Barren(Clone)').","
","","",""
"2022-01-23 18:54:48.6097","Warn","Unhandled","Renderer 'bush_forest_cover_01_LOD1' is registered with more than one LODGroup ('bush_forest_thick_cover_01' and 'largeBoulder_02 Flat Barren(Clone)').","
","","",""
"2022-01-23 18:54:48.6097","Warn","Unhandled","Renderer 'bush_forest_cover_01_LOD2' is registered with more than one LODGroup ('bush_forest_thick_cover_01' and 'largeBoulder_02 Flat Barren(Clone)').","
","","",""
"2022-01-23 18:55:09.9279","Warn","Unhandled","Renderer 'bush_forest_cover_01_LOD0' is registered with more than one LODGroup ('largeBoulder_02 Flat Barren(Clone)' and 'bush_forest_thick_cover_01').","
","","",""
"2022-01-23 18:55:09.9279","Warn","Unhandled","Renderer 'bush_forest_cover_01_LOD1' is registered with more than one LODGroup ('largeBoulder_02 Flat Barren(Clone)' and 'bush_forest_thick_cover_01').","
","","",""
"2022-01-23 18:55:09.9279","Warn","Unhandled","Renderer 'bush_forest_cover_01_LOD2' is registered with more than one LODGroup ('largeBoulder_02 Flat Barren(Clone)' and 'bush_forest_thick_cover_01').","
","","",""
"2022-01-23 18:55:09.9279","Warn","Unhandled","Renderer 'bush_forest_cover_01_LOD0' is registered with more than one LODGroup ('largeBoulder_02 Flat Barren(Clone)' and 'bush_forest_thick_cover_01').","
","","",""
"2022-01-23 18:55:09.9279","Warn","Unhandled","Renderer 'bush_forest_cover_01_LOD1' is registered with more than one LODGroup ('largeBoulder_02 Flat Barren(Clone)' and 'bush_forest_thick_cover_01').","
","","",""
"2022-01-23 18:55:09.9279","Warn","Unhandled","Renderer 'bush_forest_cover_01_LOD2' is registered with more than one LODGroup ('largeBoulder_02 Flat Barren(Clone)' and 'bush_forest_thick_cover_01').","
","","",""
"2022-01-23 18:55:09.9279","Warn","Unhandled","Renderer 'bush_forest_cover_01_LOD0' is registered with more than one LODGroup ('largeBoulder_02 Thick Barren(Clone)' and 'bush_forest_thick_cover_01').","
","","",""
"2022-01-23 18:55:09.9279","Warn","Unhandled","Renderer 'bush_forest_cover_01_LOD1' is registered with more than one LODGroup ('largeBoulder_02 Thick Barren(Clone)' and 'bush_forest_thick_cover_01').","
","","",""
"2022-01-23 18:55:09.9279","Warn","Unhandled","Renderer 'bush_forest_cover_01_LOD2' is registered with more than one LODGroup ('largeBoulder_02 Thick Barren(Clone)' and 'bush_forest_thick_cover_01').","
","","",""
"2022-01-23 18:55:09.9279","Warn","Unhandled","Renderer 'bush_forest_cover_01_LOD0' is registered with more than one LODGroup ('largeBoulder_02 Thick Barren(Clone)' and 'bush_forest_thick_cover_01').","
","","",""
"2022-01-23 18:55:09.9279","Warn","Unhandled","Renderer 'bush_forest_cover_01_LOD1' is registered with more than one LODGroup ('largeBoulder_02 Thick Barren(Clone)' and 'bush_forest_thick_cover_01').","
","","",""
"2022-01-23 18:55:09.9279","Warn","Unhandled","Renderer 'bush_forest_cover_01_LOD2' is registered with more than one LODGroup ('largeBoulder_02 Thick Barren(Clone)' and 'bush_forest_thick_cover_01').","
","","",""
"2022-01-23 18:55:10.2141","Warn","Unhandled","Renderer 'bush_forest_cover_01_LOD0' is registered with more than one LODGroup ('largeBoulder_02 Flat Barren(Clone)' and 'bush_forest_thick_cover_01').","
","","",""
"2022-01-23 18:55:10.2141","Warn","Unhandled","Renderer 'bush_forest_cover_01_LOD1' is registered with more than one LODGroup ('largeBoulder_02 Flat Barren(Clone)' and 'bush_forest_thick_cover_01').","
","","",""
"2022-01-23 18:55:10.2141","Warn","Unhandled","Renderer 'bush_forest_cover_01_LOD2' is registered with more than one LODGroup ('largeBoulder_02 Flat Barren(Clone)' and 'bush_forest_thick_cover_01').","
","","",""
"2022-01-23 18:55:10.2141","Warn","Unhandled","Renderer 'bush_forest_cover_01_LOD0' is registered with more than one LODGroup ('largeBoulder_02 Flat Barren(Clone)' and 'bush_forest_thick_cover_01').","
","","",""
"2022-01-23 18:55:10.2141","Warn","Unhandled","Renderer 'bush_forest_cover_01_LOD1' is registered with more than one LODGroup ('largeBoulder_02 Flat Barren(Clone)' and 'bush_forest_thick_cover_01').","
","","",""
"2022-01-23 18:55:10.2141","Warn","Unhandled","Renderer 'bush_forest_cover_01_LOD2' is registered with more than one LODGroup ('largeBoulder_02 Flat Barren(Clone)' and 'bush_forest_thick_cover_01').","
","","",""
"2022-01-23 18:55:10.2141","Warn","Unhandled","Renderer 'bush_forest_cover_01_LOD0' is registered with more than one LODGroup ('largeBoulder_02 Flat Barren(Clone)' and 'bush_forest_thick_cover_01').","
","","",""
"2022-01-23 18:55:10.2141","Warn","Unhandled","Renderer 'bush_forest_cover_01_LOD1' is registered with more than one LODGroup ('largeBoulder_02 Flat Barren(Clone)' and 'bush_forest_thick_cover_01').","
","","",""
"2022-01-23 18:55:10.2141","Warn","Unhandled","Renderer 'bush_forest_cover_01_LOD2' is registered with more than one LODGroup ('largeBoulder_02 Flat Barren(Clone)' and 'bush_forest_thick_cover_01').","
","","",""
"2022-01-23 18:55:10.2141","Warn","Unhandled","Renderer 'bush_forest_cover_01_LOD0' is registered with more than one LODGroup ('largeBoulder_02 Flat Barren(Clone)' and 'bush_forest_thick_cover_01').","
","","",""
"2022-01-23 18:55:10.2141","Warn","Unhandled","Renderer 'bush_forest_cover_01_LOD1' is registered with more than one LODGroup ('largeBoulder_02 Flat Barren(Clone)' and 'bush_forest_thick_cover_01').","
","","",""
"2022-01-23 18:55:10.2141","Warn","Unhandled","Renderer 'bush_forest_cover_01_LOD2' is registered with more than one LODGroup ('largeBoulder_02 Flat Barren(Clone)' and 'bush_forest_thick_cover_01').","
","","",""
"2022-01-23 18:55:10.2141","Warn","Unhandled","Renderer 'bush_forest_cover_01_LOD0' is registered with more than one LODGroup ('largeBoulder_02 Flat Barren(Clone)' and 'bush_forest_thick_cover_01').","
","","",""
"2022-01-23 18:55:10.2141","Warn","Unhandled","Renderer 'bush_forest_cover_01_LOD1' is registered with more than one LODGroup ('largeBoulder_02 Flat Barren(Clone)' and 'bush_forest_thick_cover_01').","
","","",""
"2022-01-23 18:55:10.2141","Warn","Unhandled","Renderer 'bush_forest_cover_01_LOD2' is registered with more than one LODGroup ('largeBoulder_02 Flat Barren(Clone)' and 'bush_forest_thick_cover_01').","
","","",""
"2022-01-23 18:55:10.2141","Warn","Unhandled","Renderer 'bush_forest_cover_01_LOD0' is registered with more than one LODGroup ('largeBoulder_02 Flat Barren(Clone)' and 'bush_forest_thick_cover_01').","
","","",""
"2022-01-23 18:55:10.2141","Warn","Unhandled","Renderer 'bush_forest_cover_01_LOD1' is registered with more than one LODGroup ('largeBoulder_02 Flat Barren(Clone)' and 'bush_forest_thick_cover_01').","
","","",""
"2022-01-23 18:55:10.2141","Warn","Unhandled","Renderer 'bush_forest_cover_01_LOD2' is registered with more than one LODGroup ('largeBoulder_02 Flat Barren(Clone)' and 'bush_forest_thick_cover_01').","
","","",""
"2022-01-23 18:55:37.0079","Warn","Unhandled","Renderer 'bush_forest_cover_01_LOD0' is registered with more than one LODGroup ('largeBoulder_02 Flat Barren(Clone)' and 'bush_forest_thick_cover_01').","
","","",""
"2022-01-23 18:55:37.0079","Warn","Unhandled","Renderer 'bush_forest_cover_01_LOD1' is registered with more than one LODGroup ('largeBoulder_02 Flat Barren(Clone)' and 'bush_forest_thick_cover_01').","
","","",""
"2022-01-23 18:55:37.0079","Warn","Unhandled","Renderer 'bush_forest_cover_01_LOD2' is registered with more than one LODGroup ('largeBoulder_02 Flat Barren(Clone)' and 'bush_forest_thick_cover_01').","
","","",""
"2022-01-23 18:55:37.0079","Warn","Unhandled","Renderer 'bush_forest_cover_01_LOD0' is registered with more than one LODGroup ('largeBoulder_02 Flat Barren(Clone)' and 'bush_forest_thick_cover_01').","
","","",""
"2022-01-23 18:55:37.0079","Warn","Unhandled","Renderer 'bush_forest_cover_01_LOD1' is registered with more than one LODGroup ('largeBoulder_02 Flat Barren(Clone)' and 'bush_forest_thick_cover_01').","
","","",""
"2022-01-23 18:55:37.0079","Warn","Unhandled","Renderer 'bush_forest_cover_01_LOD2' is registered with more than one LODGroup ('largeBoulder_02 Flat Barren(Clone)' and 'bush_forest_thick_cover_01').","
","","",""
"2022-01-23 18:55:56.7577","Warn","Unhandled","Invalid Layer Index '-1'","
","","",""
"2022-01-23 18:55:56.7577","Warn","Unhandled","Invalid Layer Index '-1'","
","","",""
"2022-01-23 19:23:41.1798","Warn","Unhandled","Invalid Layer Index '-1'","
","","",""
"2022-01-23 19:23:41.1959","Warn","Unhandled","Invalid Layer Index '-1'","
","","",""
"2022-01-23 19:23:56.2345","Warn","Unhandled","Invalid Layer Index '-1'","
","","",""
"2022-01-23 19:23:56.2345","Warn","Unhandled","Invalid Layer Index '-1'","
","","",""
"2022-01-23 19:24:18.4843","Warn","Unhandled","Invalid Layer Index '-1'","
","","",""
"2022-01-23 19:24:18.4843","Warn","Unhandled","Invalid Layer Index '-1'","
","","",""
"2022-01-23 19:36:12.2381","Warn","Unhandled","CollisionMeshData couldn't be created because the mesh has been marked as non-accessible. Mesh asset path """" Mesh name """"","
","","",""
"2022-01-23 19:36:12.2672","Warn","Unhandled","CollisionMeshData couldn't be created because the mesh has been marked as non-accessible. Mesh asset path """" Mesh name """"","
","","",""
"2022-01-23 19:36:12.7981","Warn","Unhandled","CollisionMeshData couldn't be created because the mesh has been marked as non-accessible. Mesh asset path """" Mesh name """"","
","","",""
"2022-01-23 19:36:12.8549","Warn","Unhandled","CollisionMeshData couldn't be created because the mesh has been marked as non-accessible. Mesh asset path """" Mesh name """"","
","","",""
"2022-01-23 19:36:12.8816","Warn","Unhandled","CollisionMeshData couldn't be created because the mesh has been marked as non-accessible. Mesh asset path """" Mesh name """"","
","","",""
"2022-01-23 19:36:12.9097","Warn","Unhandled","CollisionMeshData couldn't be created because the mesh has been marked as non-accessible. Mesh asset path """" Mesh name """"","
","","",""
"2022-01-23 19:36:12.9118","Warn","Unhandled","CollisionMeshData couldn't be created because the mesh has been marked as non-accessible. Mesh asset path """" Mesh name """"","
","","",""
"2022-01-23 19:36:12.9412","Warn","Unhandled","CollisionMeshData couldn't be created because the mesh has been marked as non-accessible. Mesh asset path """" Mesh name """"","
","","",""
"2022-01-23 19:36:12.9656","Warn","Unhandled","CollisionMeshData couldn't be created because the mesh has been marked as non-accessible. Mesh asset path """" Mesh name """"","
","","",""
"2022-01-23 19:36:12.9656","Warn","Unhandled","CollisionMeshData couldn't be created because the mesh has been marked as non-accessible. Mesh asset path """" Mesh name """"","
","","",""
"2022-01-23 19:36:40.1555","Warn","Unhandled","CollisionMeshData couldn't be created because the mesh has been marked as non-accessible. Mesh asset path """" Mesh name """"","
","","",""
"2022-01-23 19:36:48.9321","Warn","Unhandled","CollisionMeshData couldn't be created because the mesh has been marked as non-accessible. Mesh asset path """" Mesh name """"","
","","",""
"2022-01-23 19:36:52.3522","Warn","Unhandled","CollisionMeshData couldn't be created because the mesh has been marked as non-accessible. Mesh asset path """" Mesh name """"","
","","",""
"2022-01-23 19:37:02.5676","Warn","Unhandled","CollisionMeshData couldn't be created because the mesh has been marked as non-accessible. Mesh asset path """" Mesh name """"","
","","",""
"2022-01-23 19:37:07.4535","Warn","Unhandled","CollisionMeshData couldn't be created because the mesh has been marked as non-accessible. Mesh asset path """" Mesh name """"","
","","",""
"2022-01-23 19:37:10.9254","Warn","Unhandled","CollisionMeshData couldn't be created because the mesh has been marked as non-accessible. Mesh asset path """" Mesh name """"","
","","",""
"2022-01-23 19:37:15.1178","Warn","Unhandled","CollisionMeshData couldn't be created because the mesh has been marked as non-accessible. Mesh asset path """" Mesh name """"","
","","",""
"2022-01-23 19:39:46.2303","Warn","Unhandled","CollisionMeshData couldn't be created because the mesh has been marked as non-accessible. Mesh asset path """" Mesh name """"","
","","",""
"2022-01-23 19:39:46.2587","Warn","Unhandled","CollisionMeshData couldn't be created because the mesh has been marked as non-accessible. Mesh asset path """" Mesh name """"","
","","",""
"2022-01-23 19:39:46.9457","Warn","Unhandled","CollisionMeshData couldn't be created because the mesh has been marked as non-accessible. Mesh asset path """" Mesh name """"","
","","",""
"2022-01-23 19:39:46.9457","Warn","Unhandled","CollisionMeshData couldn't be created because the mesh has been marked as non-accessible. Mesh asset path """" Mesh name """"","
","","",""
"2022-01-23 19:51:28.3605","Warn","Unhandled","Kinematic body only supports Speculative Continuous collision detection","
","","",""
"2022-01-23 19:51:56.0708","Warn","Unhandled","Kinematic body only supports Speculative Continuous collision detection","
","","",""
