"time","level","logger","message","stacktrace","exception.type","exception.message","exception.stacktrace"
"2022-01-29 19:53:35.0598","Error","ApplicationStartupManager","Couldnt find tutorial server to join","UnityEngine.UnitySynchronizationContext+WorkRequest.Invoke() at :0
UnityEngine.UnitySynchronizationContext.Exec() at :0
UnityEngine.UnitySynchronizationContext.ExecuteTasks() at :0","","",""
"2022-01-29 19:57:02.5669","Error","Alta.Networking.NetworkEntity","Entity being unofficially destroyed 1 - Grab","Alta.Networking.NetworkEntity.OnDestroy() at :0","","",""
"2022-01-29 19:57:02.5669","Error","Alta.Networking.NetworkEntity","Entity being unofficially destroyed 1 - Grab","Alta.Networking.NetworkEntity.OnDestroy() at :0","","",""
"2022-01-29 19:57:02.5669","Error","Alta.Networking.NetworkEntity","Entity being unofficially destroyed 1 - Grab","Alta.Networking.NetworkEntity.OnDestroy() at :0","","",""
"2022-01-29 19:57:02.5669","Error","Alta.Networking.NetworkEntity","Entity being unofficially destroyed 1 - Grab","Alta.Networking.NetworkEntity.OnDestroy() at :0","","",""
"2022-01-29 19:57:02.5973","Error","Alta.Networking.NetworkEntity","Entity being unofficially destroyed 1 - Main Menu Controller(Clone)","Alta.Networking.NetworkEntity.OnDestroy() at :0","","",""
"2022-01-29 19:57:02.5983","Error","Alta.Networking.NetworkEntity","Entity being unofficially destroyed 0 - Left Hand","Alta.Networking.NetworkEntity.OnDestroy() at :0","","",""
"2022-01-29 19:57:02.5983","Error","Alta.Networking.NetworkEntity","Entity being unofficially destroyed 0 - Right Hand","Alta.Networking.NetworkEntity.OnDestroy() at :0","","",""
"2022-01-29 19:57:02.5983","Error","Alta.Networking.NetworkEntity","Entity being unofficially destroyed 1 - Select Server Orb","Alta.Networking.NetworkEntity.OnDestroy() at :0","","",""
"2022-01-29 19:57:02.6433","Error","PooledObjectPool","You are releasing pooledObject: Temp Wwise Audio(Clone) that has been destroyed, think about releasing it ","PooledObjectPool.Release() at :0
PooledObject.Release() at :0
SimpleAudioControl+<>c__DisplayClass0_0.<Play>b__0() at :0
AkCallbackManager.PostCallbacks() at :0
AkSoundEngineController.LateUpdate() at :0
AkInitializer.LateUpdate() at :0","","",""
"2022-01-29 19:57:02.6433","Error","PooledObjectPool","You are releasing pooledObject: Temp Wwise Audio(Clone) that has been destroyed, think about releasing it ","PooledObjectPool.Release() at :0
PooledObject.Release() at :0
SimpleAudioControl+<>c__DisplayClass0_0.<Play>b__0() at :0
AkCallbackManager.PostCallbacks() at :0
AkSoundEngineController.LateUpdate() at :0
AkInitializer.LateUpdate() at :0","","",""
"2022-01-29 19:57:02.6433","Error","PooledObjectPool","You are releasing pooledObject: Temp Wwise Audio(Clone) that has been destroyed, think about releasing it ","PooledObjectPool.Release() at :0
PooledObject.Release() at :0
SimpleAudioControl+<>c__DisplayClass0_0.<Play>b__0() at :0
AkCallbackManager.PostCallbacks() at :0
AkSoundEngineController.LateUpdate() at :0
AkInitializer.LateUpdate() at :0","","",""
"2022-01-29 19:57:02.6433","Error","PooledObjectPool","You are releasing pooledObject: Temp Wwise Audio(Clone) that has been destroyed, think about releasing it ","PooledObjectPool.Release() at :0
PooledObject.Release() at :0
SimpleAudioControl+<>c__DisplayClass0_0.<Play>b__0() at :0
AkCallbackManager.PostCallbacks() at :0
AkSoundEngineController.LateUpdate() at :0
AkInitializer.LateUpdate() at :0","","",""
"2022-01-29 19:57:02.6443","Error","PooledObjectPool","You are releasing pooledObject: Temp Wwise Audio(Clone) that has been destroyed, think about releasing it ","PooledObjectPool.Release() at :0
PooledObject.Release() at :0
SimpleAudioControl+<>c__DisplayClass0_0.<Play>b__0() at :0
AkCallbackManager.PostCallbacks() at :0
AkSoundEngineController.LateUpdate() at :0
AkInitializer.LateUpdate() at :0","","",""
"2022-01-29 19:57:16.2834","Error","UnhandledExceptions","Object reference not set to an instance of an object","Alta.Heat.HandShakeOffDetector.Request (UnityEngine.Object activator) (at <cd77c76437e84f6db820327afca49967>:0)
Alta.Heat.MovementHeatPoint.OnEnable () (at <cd77c76437e84f6db820327afca49967>:0)
UnityEngine.Object:Instantiate(NetworkPrefab)
Alta.Networking.SpawnManager:SpawnLocal(UInt32, NetworkEntityLink, UInt32[], TransformSave)
Alta.Networking.ClientSpawnManager:SpawnAsClient(UInt32, UInt32, UInt32[], TransformSave, NetworkEntity&)
Alta.Networking.SpawnMessage:Serialize(Connection, Stream)
Alta.Networking.Internal.MessageProcessor:HandleMessage(Connection, Stream, MessageType)
Alta.Networking.Internal.MessageProcessor:ProcessSingleMessageFromData(Connection, Byte[], Int32)
Alta.Networking.Internal.QueuedConnectionReceiver:ProcessReceivedPacket(Byte[], Int32&, Int32)
Alta.Networking.Internal.QueuedConnectionReceiver:ReceivePacket(Byte[], Int32)
Alta.Networking.Connection:ReceivePacket(Int32, Byte[], Int32)
Alta.Networking.ClientMessageReceiver:ReceiveMessages()
Alta.Networking.Socket:UpdateReceive()
Alta.Networking.NetworkManager:Receive()
UpdateModule:IterateOverLinkedList(MethodNode)
UpdateModule:Update()
UnityUpdateManager:Update()

","","",""
"2022-01-29 19:57:16.2834","Error","UnhandledExceptions","Object reference not set to an instance of an object","Alta.Heat.HandShakeOffDetector.Request (UnityEngine.Object activator) (at <cd77c76437e84f6db820327afca49967>:0)
Alta.Heat.MovementHeatPoint.OnEnable () (at <cd77c76437e84f6db820327afca49967>:0)
UnityEngine.Object:Instantiate(NetworkPrefab)
Alta.Networking.SpawnManager:SpawnLocal(UInt32, NetworkEntityLink, UInt32[], TransformSave)
Alta.Networking.ClientSpawnManager:SpawnAsClient(UInt32, UInt32, UInt32[], TransformSave, NetworkEntity&)
Alta.Networking.SpawnMessage:Serialize(Connection, Stream)
Alta.Networking.Internal.MessageProcessor:HandleMessage(Connection, Stream, MessageType)
Alta.Networking.Internal.MessageProcessor:ProcessSingleMessageFromData(Connection, Byte[], Int32)
Alta.Networking.Internal.QueuedConnectionReceiver:ProcessReceivedPacket(Byte[], Int32&, Int32)
Alta.Networking.Internal.QueuedConnectionReceiver:ReceivePacket(Byte[], Int32)
Alta.Networking.Connection:ReceivePacket(Int32, Byte[], Int32)
Alta.Networking.ClientMessageReceiver:ReceiveMessages()
Alta.Networking.Socket:UpdateReceive()
Alta.Networking.NetworkManager:Receive()
UpdateModule:IterateOverLinkedList(MethodNode)
UpdateModule:Update()
UnityUpdateManager:Update()

","","",""
"2022-01-29 19:57:16.2854","Error","UnhandledExceptions","Object reference not set to an instance of an object","Alta.Heat.HandShakeOffDetector.Request (UnityEngine.Object activator) (at <cd77c76437e84f6db820327afca49967>:0)
Alta.Heat.MovementHeatPoint.OnEnable () (at <cd77c76437e84f6db820327afca49967>:0)
UnityEngine.Object:Instantiate(NetworkPrefab)
Alta.Networking.SpawnManager:SpawnLocal(UInt32, NetworkEntityLink, UInt32[], TransformSave)
Alta.Networking.ClientSpawnManager:SpawnAsClient(UInt32, UInt32, UInt32[], TransformSave, NetworkEntity&)
Alta.Networking.SpawnMessage:Serialize(Connection, Stream)
Alta.Networking.Internal.MessageProcessor:HandleMessage(Connection, Stream, MessageType)
Alta.Networking.Internal.MessageProcessor:ProcessSingleMessageFromData(Connection, Byte[], Int32)
Alta.Networking.Internal.QueuedConnectionReceiver:ProcessReceivedPacket(Byte[], Int32&, Int32)
Alta.Networking.Internal.QueuedConnectionReceiver:ReceivePacket(Byte[], Int32)
Alta.Networking.Connection:ReceivePacket(Int32, Byte[], Int32)
Alta.Networking.ClientMessageReceiver:ReceiveMessages()
Alta.Networking.Socket:UpdateReceive()
Alta.Networking.NetworkManager:Receive()
UpdateModule:IterateOverLinkedList(MethodNode)
UpdateModule:Update()
UnityUpdateManager:Update()

","","",""
"2022-01-29 19:57:16.2854","Error","UnhandledExceptions","Object reference not set to an instance of an object","Alta.Heat.HandShakeOffDetector.Request (UnityEngine.Object activator) (at <cd77c76437e84f6db820327afca49967>:0)
Alta.Heat.MovementHeatPoint.OnEnable () (at <cd77c76437e84f6db820327afca49967>:0)
UnityEngine.Object:Instantiate(NetworkPrefab)
Alta.Networking.SpawnManager:SpawnLocal(UInt32, NetworkEntityLink, UInt32[], TransformSave)
Alta.Networking.ClientSpawnManager:SpawnAsClient(UInt32, UInt32, UInt32[], TransformSave, NetworkEntity&)
Alta.Networking.SpawnMessage:Serialize(Connection, Stream)
Alta.Networking.Internal.MessageProcessor:HandleMessage(Connection, Stream, MessageType)
Alta.Networking.Internal.MessageProcessor:ProcessSingleMessageFromData(Connection, Byte[], Int32)
Alta.Networking.Internal.QueuedConnectionReceiver:ProcessReceivedPacket(Byte[], Int32&, Int32)
Alta.Networking.Internal.QueuedConnectionReceiver:ReceivePacket(Byte[], Int32)
Alta.Networking.Connection:ReceivePacket(Int32, Byte[], Int32)
Alta.Networking.ClientMessageReceiver:ReceiveMessages()
Alta.Networking.Socket:UpdateReceive()
Alta.Networking.NetworkManager:Receive()
UpdateModule:IterateOverLinkedList(MethodNode)
UpdateModule:Update()
UnityUpdateManager:Update()

","","",""
"2022-01-29 19:57:16.2854","Error","UnhandledExceptions","Object reference not set to an instance of an object","Alta.Heat.HandShakeOffDetector.Request (UnityEngine.Object activator) (at <cd77c76437e84f6db820327afca49967>:0)
Alta.Heat.MovementHeatPoint.OnEnable () (at <cd77c76437e84f6db820327afca49967>:0)
UnityEngine.Object:Instantiate(NetworkPrefab)
Alta.Networking.SpawnManager:SpawnLocal(UInt32, NetworkEntityLink, UInt32[], TransformSave)
Alta.Networking.ClientSpawnManager:SpawnAsClient(UInt32, UInt32, UInt32[], TransformSave, NetworkEntity&)
Alta.Networking.SpawnMessage:Serialize(Connection, Stream)
Alta.Networking.Internal.MessageProcessor:HandleMessage(Connection, Stream, MessageType)
Alta.Networking.Internal.MessageProcessor:ProcessSingleMessageFromData(Connection, Byte[], Int32)
Alta.Networking.Internal.QueuedConnectionReceiver:ProcessReceivedPacket(Byte[], Int32&, Int32)
Alta.Networking.Internal.QueuedConnectionReceiver:ReceivePacket(Byte[], Int32)
Alta.Networking.Connection:ReceivePacket(Int32, Byte[], Int32)
Alta.Networking.ClientMessageReceiver:ReceiveMessages()
Alta.Networking.Socket:UpdateReceive()
Alta.Networking.NetworkManager:Receive()
UpdateModule:IterateOverLinkedList(MethodNode)
UpdateModule:Update()
UnityUpdateManager:Update()

","","",""
"2022-01-29 19:57:16.2854","Error","UnhandledExceptions","Object reference not set to an instance of an object","Alta.Heat.HandShakeOffDetector.Request (UnityEngine.Object activator) (at <cd77c76437e84f6db820327afca49967>:0)
Alta.Heat.MovementHeatPoint.OnEnable () (at <cd77c76437e84f6db820327afca49967>:0)
UnityEngine.Object:Instantiate(NetworkPrefab)
Alta.Networking.SpawnManager:SpawnLocal(UInt32, NetworkEntityLink, UInt32[], TransformSave)
Alta.Networking.ClientSpawnManager:SpawnAsClient(UInt32, UInt32, UInt32[], TransformSave, NetworkEntity&)
Alta.Networking.SpawnMessage:Serialize(Connection, Stream)
Alta.Networking.Internal.MessageProcessor:HandleMessage(Connection, Stream, MessageType)
Alta.Networking.Internal.MessageProcessor:ProcessSingleMessageFromData(Connection, Byte[], Int32)
Alta.Networking.Internal.QueuedConnectionReceiver:ProcessReceivedPacket(Byte[], Int32&, Int32)
Alta.Networking.Internal.QueuedConnectionReceiver:ReceivePacket(Byte[], Int32)
Alta.Networking.Connection:ReceivePacket(Int32, Byte[], Int32)
Alta.Networking.ClientMessageReceiver:ReceiveMessages()
Alta.Networking.Socket:UpdateReceive()
Alta.Networking.NetworkManager:Receive()
UpdateModule:IterateOverLinkedList(MethodNode)
UpdateModule:Update()
UnityUpdateManager:Update()

","","",""
"2022-01-29 20:06:19.3319","Error","UnhandledExceptions","NullReferenceException","PosedObject.set_TargetTransform (UnityEngine.Transform value) (at <cd77c76437e84f6db820327afca49967>:0)
Controller.OnDestroy () (at <cd77c76437e84f6db820327afca49967>:0)

","","",""
"2022-01-29 20:06:19.3319","Error","UnhandledExceptions","NullReferenceException","PosedObject.set_TargetTransform (UnityEngine.Transform value) (at <cd77c76437e84f6db820327afca49967>:0)
Controller.OnDestroy () (at <cd77c76437e84f6db820327afca49967>:0)

","","",""
"2022-01-29 20:06:19.6940","Error","PooledObjectPool","You are releasing pooledObject: Temp Wwise Audio(Clone) that has been destroyed, think about releasing it ","PooledObjectPool.Release() at :0
PooledObject.Release() at :0
SimpleAudioControl+<>c__DisplayClass0_0.<Play>b__0() at :0
AkCallbackManager.PostCallbacks() at :0
AkSoundEngineController.LateUpdate() at :0
AkInitializer.LateUpdate() at :0","","",""
"2022-01-29 20:06:19.6940","Error","PooledObjectPool","You are releasing pooledObject: Temp Wwise Audio(Clone) that has been destroyed, think about releasing it ","PooledObjectPool.Release() at :0
PooledObject.Release() at :0
SimpleAudioControl+<>c__DisplayClass0_0.<Play>b__0() at :0
AkCallbackManager.PostCallbacks() at :0
AkSoundEngineController.LateUpdate() at :0
AkInitializer.LateUpdate() at :0","","",""
"2022-01-29 20:06:19.6940","Error","PooledObjectPool","You are releasing pooledObject: Temp Wwise Audio(Clone) that has been destroyed, think about releasing it ","PooledObjectPool.Release() at :0
PooledObject.Release() at :0
SimpleAudioControl+<>c__DisplayClass0_0.<Play>b__0() at :0
AkCallbackManager.PostCallbacks() at :0
AkSoundEngineController.LateUpdate() at :0
AkInitializer.LateUpdate() at :0","","",""
"2022-01-29 20:06:19.6940","Error","PooledObjectPool","You are releasing pooledObject: Temp Wwise Audio(Clone) that has been destroyed, think about releasing it ","PooledObjectPool.Release() at :0
PooledObject.Release() at :0
SimpleAudioControl+<>c__DisplayClass0_0.<Play>b__0() at :0
AkCallbackManager.PostCallbacks() at :0
AkSoundEngineController.LateUpdate() at :0
AkInitializer.LateUpdate() at :0","","",""
"2022-01-29 20:06:19.6940","Error","PooledObjectPool","You are releasing pooledObject: Temp Wwise Audio(Clone) that has been destroyed, think about releasing it ","PooledObjectPool.Release() at :0
PooledObject.Release() at :0
SimpleAudioControl+<>c__DisplayClass0_0.<Play>b__0() at :0
AkCallbackManager.PostCallbacks() at :0
AkSoundEngineController.LateUpdate() at :0
AkInitializer.LateUpdate() at :0","","",""
"2022-01-29 20:06:19.6940","Error","PooledObjectPool","You are releasing pooledObject: Temp Wwise Audio(Clone) that has been destroyed, think about releasing it ","PooledObjectPool.Release() at :0
PooledObject.Release() at :0
SimpleAudioControl+<>c__DisplayClass0_0.<Play>b__0() at :0
AkCallbackManager.PostCallbacks() at :0
AkSoundEngineController.LateUpdate() at :0
AkInitializer.LateUpdate() at :0","","",""
"2022-01-29 20:06:19.6940","Error","PooledObjectPool","You are releasing pooledObject: Temp Wwise Audio(Clone) that has been destroyed, think about releasing it ","PooledObjectPool.Release() at :0
PooledObject.Release() at :0
SimpleAudioControl+<>c__DisplayClass0_0.<Play>b__0() at :0
AkCallbackManager.PostCallbacks() at :0
AkSoundEngineController.LateUpdate() at :0
AkInitializer.LateUpdate() at :0","","",""
"2022-01-29 20:08:20.5716","Error","PooledObjectPool","You are releasing pooledObject: Temp Wwise Audio(Clone) that has been destroyed, think about releasing it ","PooledObjectPool.Release() at :0
PooledObject.Release() at :0
SimpleAudioControl+<>c__DisplayClass0_0.<Play>b__0() at :0
AkCallbackManager.PostCallbacks() at :0
AkWwiseInitializationSettings.TerminateSoundEngine() at :0
AkSoundEngineController.Terminate() at :0
AkInitializer.OnApplicationQuit() at :0","","",""
"2022-01-29 20:08:20.5716","Error","PooledObjectPool","You are releasing pooledObject: Temp Wwise Audio(Clone) that has been destroyed, think about releasing it ","PooledObjectPool.Release() at :0
PooledObject.Release() at :0
SimpleAudioControl+<>c__DisplayClass0_0.<Play>b__0() at :0
AkCallbackManager.PostCallbacks() at :0
AkWwiseInitializationSettings.TerminateSoundEngine() at :0
AkSoundEngineController.Terminate() at :0
AkInitializer.OnApplicationQuit() at :0","","",""
"2022-01-29 20:08:20.5716","Error","PooledObjectPool","You are releasing pooledObject: Temp Wwise Audio(Clone) that has been destroyed, think about releasing it ","PooledObjectPool.Release() at :0
PooledObject.Release() at :0
SimpleAudioControl+<>c__DisplayClass0_0.<Play>b__0() at :0
AkCallbackManager.PostCallbacks() at :0
AkWwiseInitializationSettings.TerminateSoundEngine() at :0
AkSoundEngineController.Terminate() at :0
AkInitializer.OnApplicationQuit() at :0","","",""
"2022-01-29 20:08:20.5716","Error","PooledObjectPool","You are releasing pooledObject: Temp Wwise Audio(Clone) that has been destroyed, think about releasing it ","PooledObjectPool.Release() at :0
PooledObject.Release() at :0
SimpleAudioControl+<>c__DisplayClass0_0.<Play>b__0() at :0
AkCallbackManager.PostCallbacks() at :0
AkWwiseInitializationSettings.TerminateSoundEngine() at :0
AkSoundEngineController.Terminate() at :0
AkInitializer.OnApplicationQuit() at :0","","",""
"2022-01-29 20:08:20.5716","Error","PooledObjectPool","You are releasing pooledObject: Temp Wwise Audio(Clone) that has been destroyed, think about releasing it ","PooledObjectPool.Release() at :0
PooledObject.Release() at :0
SimpleAudioControl+<>c__DisplayClass0_0.<Play>b__0() at :0
AkCallbackManager.PostCallbacks() at :0
AkWwiseInitializationSettings.TerminateSoundEngine() at :0
AkSoundEngineController.Terminate() at :0
AkInitializer.OnApplicationQuit() at :0","","",""
"2022-01-29 20:08:20.5716","Error","PooledObjectPool","You are releasing pooledObject: Temp Wwise Audio(Clone) that has been destroyed, think about releasing it ","PooledObjectPool.Release() at :0
PooledObject.Release() at :0
SimpleAudioControl+<>c__DisplayClass0_0.<Play>b__0() at :0
AkCallbackManager.PostCallbacks() at :0
AkWwiseInitializationSettings.TerminateSoundEngine() at :0
AkSoundEngineController.Terminate() at :0
AkInitializer.OnApplicationQuit() at :0","","",""
"2022-01-29 20:08:20.5716","Error","PooledObjectPool","You are releasing pooledObject: Temp Wwise Audio(Clone) that has been destroyed, think about releasing it ","PooledObjectPool.Release() at :0
PooledObject.Release() at :0
SimpleAudioControl+<>c__DisplayClass0_0.<Play>b__0() at :0
AkCallbackManager.PostCallbacks() at :0
AkWwiseInitializationSettings.TerminateSoundEngine() at :0
AkSoundEngineController.Terminate() at :0
AkInitializer.OnApplicationQuit() at :0","","",""
"2022-01-29 20:08:20.5716","Error","PooledObjectPool","You are releasing pooledObject: Temp Wwise Audio(Clone) that has been destroyed, think about releasing it ","PooledObjectPool.Release() at :0
PooledObject.Release() at :0
SimpleAudioControl+<>c__DisplayClass0_0.<Play>b__0() at :0
AkCallbackManager.PostCallbacks() at :0
AkWwiseInitializationSettings.TerminateSoundEngine() at :0
AkSoundEngineController.Terminate() at :0
AkInitializer.OnApplicationQuit() at :0","","",""
"2022-01-29 20:08:20.5716","Error","PooledObjectPool","You are releasing pooledObject: Temp Wwise Audio(Clone) that has been destroyed, think about releasing it ","PooledObjectPool.Release() at :0
PooledObject.Release() at :0
SimpleAudioControl+<>c__DisplayClass0_0.<Play>b__0() at :0
AkCallbackManager.PostCallbacks() at :0
AkWwiseInitializationSettings.TerminateSoundEngine() at :0
AkSoundEngineController.Terminate() at :0
AkInitializer.OnApplicationQuit() at :0","","",""
"2022-01-29 20:08:20.5716","Error","PooledObjectPool","You are releasing pooledObject: Temp Wwise Audio(Clone) that has been destroyed, think about releasing it ","PooledObjectPool.Release() at :0
PooledObject.Release() at :0
SimpleAudioControl+<>c__DisplayClass0_0.<Play>b__0() at :0
AkCallbackManager.PostCallbacks() at :0
AkWwiseInitializationSettings.TerminateSoundEngine() at :0
AkSoundEngineController.Terminate() at :0
AkInitializer.OnApplicationQuit() at :0","","",""
"2022-01-29 20:08:20.5716","Error","PooledObjectPool","You are releasing pooledObject: Temp Wwise Audio(Clone) that has been destroyed, think about releasing it ","PooledObjectPool.Release() at :0
PooledObject.Release() at :0
SimpleAudioControl+<>c__DisplayClass0_0.<Play>b__0() at :0
AkCallbackManager.PostCallbacks() at :0
AkWwiseInitializationSettings.TerminateSoundEngine() at :0
AkSoundEngineController.Terminate() at :0
AkInitializer.OnApplicationQuit() at :0","","",""
