"time","level","logger","message","stacktrace","exception.type","exception.message","exception.stacktrace"
"2022-01-27 21:46:43.6980","Error","ApplicationStartupManager","Couldnt find tutorial server to join","UnityEngine.UnitySynchronizationContext+WorkRequest.Invoke() at :0
UnityEngine.UnitySynchronizationContext.Exec() at :0
UnityEngine.UnitySynchronizationContext.ExecuteTasks() at :0","","",""
"2022-01-27 21:47:02.9839","Error","UnityLogHandler","Unhandled Exception: ","UnityLogHandler.LogException() at :0
UnityEngine.Logger.LogException() at :0
UnityEngine.Debug.LogException() at :0
UnityEngine.UnitySynchronizationContext+WorkRequest.Invoke() at :0
UnityEngine.UnitySynchronizationContext.Exec() at :0
UnityEngine.UnitySynchronizationContext.ExecuteTasks() at :0","System.Exception","Attempting to use an invalid operation handle","  at UnityEngine.ResourceManagement.AsyncOperations.AsyncOperationHandle.get_InternalOp () [0x0001b] in <31c4518358e943ca8505444d120a48bb>:0 
  at UnityEngine.ResourceManagement.AsyncOperations.AsyncOperationHandle.Release () [0x00000] in <31c4518358e943ca8505444d120a48bb>:0 
  at UnityEngine.ResourceManagement.ResourceManager.Release (UnityEngine.ResourceManagement.AsyncOperations.AsyncOperationHandle handle) [0x00000] in <31c4518358e943ca8505444d120a48bb>:0 
  at UnityEngine.AddressableAssets.AddressablesImpl.Release[TObject] (UnityEngine.ResourceManagement.AsyncOperations.AsyncOperationHandle`1[TObject] handle) [0x0000c] in <587b55d345064c95b69e5d3dea68d16d>:0 
  at UnityEngine.AddressableAssets.Addressables.Release[TObject] (UnityEngine.ResourceManagement.AsyncOperations.AsyncOperationHandle`1[TObject] handle) [0x00005] in <587b55d345064c95b69e5d3dea68d16d>:0 
  at ServerCubeMaps+<ApplyCubeMap>d__5.MoveNext () [0x0012d] in <cd77c76437e84f6db820327afca49967>:0 
--- End of stack trace from previous location where exception was thrown ---
  at System.Runtime.ExceptionServices.ExceptionDispatchInfo.Throw () [0x0000c] in <e1319b7195c343e79b385cd3aa43f5dc>:0 
  at System.Runtime.CompilerServices.AsyncMethodBuilderCore+<>c.<ThrowAsync>b__6_0 (System.Object state) [0x00000] in <e1319b7195c343e79b385cd3aa43f5dc>:0 
  at UnityEngine.UnitySynchronizationContext+WorkRequest.Invoke () [0x00002] in <2a16a915bcfd43a0863cfdd4ed027ba5>:0 "
"2022-01-27 21:47:22.5952","Error","Alta.Networking.NetworkEntity","Entity being unofficially destroyed 1 - Grab","Alta.Networking.NetworkEntity.OnDestroy() at :0","","",""
"2022-01-27 21:47:22.5952","Error","Alta.Networking.NetworkEntity","Entity being unofficially destroyed 1 - Grab","Alta.Networking.NetworkEntity.OnDestroy() at :0","","",""
"2022-01-27 21:47:22.5952","Error","Alta.Networking.NetworkEntity","Entity being unofficially destroyed 1 - Grab","Alta.Networking.NetworkEntity.OnDestroy() at :0","","",""
"2022-01-27 21:47:22.5952","Error","Alta.Networking.NetworkEntity","Entity being unofficially destroyed 1 - Grab","Alta.Networking.NetworkEntity.OnDestroy() at :0","","",""
"2022-01-27 21:47:22.6135","Error","Alta.Networking.NetworkEntity","Entity being unofficially destroyed 1 - Main Menu Controller(Clone)","Alta.Networking.NetworkEntity.OnDestroy() at :0","","",""
"2022-01-27 21:47:22.6135","Error","Alta.Networking.NetworkEntity","Entity being unofficially destroyed 0 - Left Hand","Alta.Networking.NetworkEntity.OnDestroy() at :0","","",""
"2022-01-27 21:47:22.6135","Error","Alta.Networking.NetworkEntity","Entity being unofficially destroyed 0 - Right Hand","Alta.Networking.NetworkEntity.OnDestroy() at :0","","",""
"2022-01-27 21:47:22.6135","Error","Alta.Networking.NetworkEntity","Entity being unofficially destroyed 1 - Select Server Orb","Alta.Networking.NetworkEntity.OnDestroy() at :0","","",""
"2022-01-27 21:47:22.6615","Error","PooledObjectPool","You are releasing pooledObject: Temp Wwise Audio(Clone) that has been destroyed, think about releasing it ","PooledObjectPool.Release() at :0
PooledObject.Release() at :0
SimpleAudioControl+<>c__DisplayClass0_0.<Play>b__0() at :0
AkCallbackManager.PostCallbacks() at :0
AkSoundEngineController.LateUpdate() at :0
AkInitializer.LateUpdate() at :0","","",""
"2022-01-27 21:47:22.6615","Error","PooledObjectPool","You are releasing pooledObject: Temp Wwise Audio(Clone) that has been destroyed, think about releasing it ","PooledObjectPool.Release() at :0
PooledObject.Release() at :0
SimpleAudioControl+<>c__DisplayClass0_0.<Play>b__0() at :0
AkCallbackManager.PostCallbacks() at :0
AkSoundEngineController.LateUpdate() at :0
AkInitializer.LateUpdate() at :0","","",""
"2022-01-27 21:47:22.6615","Error","PooledObjectPool","You are releasing pooledObject: Temp Wwise Audio(Clone) that has been destroyed, think about releasing it ","PooledObjectPool.Release() at :0
PooledObject.Release() at :0
SimpleAudioControl+<>c__DisplayClass0_0.<Play>b__0() at :0
AkCallbackManager.PostCallbacks() at :0
AkSoundEngineController.LateUpdate() at :0
AkInitializer.LateUpdate() at :0","","",""
"2022-01-27 21:47:22.6615","Error","PooledObjectPool","You are releasing pooledObject: Temp Wwise Audio(Clone) that has been destroyed, think about releasing it ","PooledObjectPool.Release() at :0
PooledObject.Release() at :0
SimpleAudioControl+<>c__DisplayClass0_0.<Play>b__0() at :0
AkCallbackManager.PostCallbacks() at :0
AkSoundEngineController.LateUpdate() at :0
AkInitializer.LateUpdate() at :0","","",""
"2022-01-27 21:47:22.6615","Error","PooledObjectPool","You are releasing pooledObject: Temp Wwise Audio(Clone) that has been destroyed, think about releasing it ","PooledObjectPool.Release() at :0
PooledObject.Release() at :0
SimpleAudioControl+<>c__DisplayClass0_0.<Play>b__0() at :0
AkCallbackManager.PostCallbacks() at :0
AkSoundEngineController.LateUpdate() at :0
AkInitializer.LateUpdate() at :0","","",""
"2022-01-27 21:47:47.8181","Error","UnhandledExceptions","Object reference not set to an instance of an object","Alta.Heat.HandShakeOffDetector.Request (UnityEngine.Object activator) (at <cd77c76437e84f6db820327afca49967>:0)
Alta.Heat.MovementHeatPoint.OnEnable () (at <cd77c76437e84f6db820327afca49967>:0)
UnityEngine.Object:Instantiate(NetworkPrefab)
Alta.Networking.SpawnManager:SpawnLocal(UInt32, NetworkEntityLink, UInt32[], TransformSave)
Alta.Networking.ClientSpawnManager:SpawnAsClient(UInt32, UInt32, UInt32[], TransformSave, NetworkEntity&)
Alta.Networking.SpawnMessage:Serialize(Connection, Stream)
Alta.Networking.Internal.MessageProcessor:HandleMessage(Connection, Stream, MessageType)
Alta.Networking.Internal.MessageProcessor:ProcessSingleMessageFromData(Connection, Byte[], Int32)
Alta.Networking.Internal.QueuedConnectionReceiver:ProcessReceivedPacket(Byte[], Int32&, Int32)
Alta.Networking.Internal.QueuedConnectionReceiver:ReceivePacket(Byte[], Int32)
Alta.Networking.Connection:ReceivePacket(Int32, Byte[], Int32)
Alta.Networking.ClientMessageReceiver:ReceiveMessages()
Alta.Networking.Socket:UpdateReceive()
Alta.Networking.NetworkManager:Receive()
UpdateModule:IterateOverLinkedList(MethodNode)
UpdateModule:Update()
UnityUpdateManager:Update()

","","",""
"2022-01-27 21:47:47.8204","Error","UnhandledExceptions","Object reference not set to an instance of an object","Alta.Heat.HandShakeOffDetector.Request (UnityEngine.Object activator) (at <cd77c76437e84f6db820327afca49967>:0)
Alta.Heat.MovementHeatPoint.OnEnable () (at <cd77c76437e84f6db820327afca49967>:0)
UnityEngine.Object:Instantiate(NetworkPrefab)
Alta.Networking.SpawnManager:SpawnLocal(UInt32, NetworkEntityLink, UInt32[], TransformSave)
Alta.Networking.ClientSpawnManager:SpawnAsClient(UInt32, UInt32, UInt32[], TransformSave, NetworkEntity&)
Alta.Networking.SpawnMessage:Serialize(Connection, Stream)
Alta.Networking.Internal.MessageProcessor:HandleMessage(Connection, Stream, MessageType)
Alta.Networking.Internal.MessageProcessor:ProcessSingleMessageFromData(Connection, Byte[], Int32)
Alta.Networking.Internal.QueuedConnectionReceiver:ProcessReceivedPacket(Byte[], Int32&, Int32)
Alta.Networking.Internal.QueuedConnectionReceiver:ReceivePacket(Byte[], Int32)
Alta.Networking.Connection:ReceivePacket(Int32, Byte[], Int32)
Alta.Networking.ClientMessageReceiver:ReceiveMessages()
Alta.Networking.Socket:UpdateReceive()
Alta.Networking.NetworkManager:Receive()
UpdateModule:IterateOverLinkedList(MethodNode)
UpdateModule:Update()
UnityUpdateManager:Update()

","","",""
"2022-01-27 21:47:47.8204","Error","UnhandledExceptions","Object reference not set to an instance of an object","Alta.Heat.HandShakeOffDetector.Request (UnityEngine.Object activator) (at <cd77c76437e84f6db820327afca49967>:0)
Alta.Heat.MovementHeatPoint.OnEnable () (at <cd77c76437e84f6db820327afca49967>:0)
UnityEngine.Object:Instantiate(NetworkPrefab)
Alta.Networking.SpawnManager:SpawnLocal(UInt32, NetworkEntityLink, UInt32[], TransformSave)
Alta.Networking.ClientSpawnManager:SpawnAsClient(UInt32, UInt32, UInt32[], TransformSave, NetworkEntity&)
Alta.Networking.SpawnMessage:Serialize(Connection, Stream)
Alta.Networking.Internal.MessageProcessor:HandleMessage(Connection, Stream, MessageType)
Alta.Networking.Internal.MessageProcessor:ProcessSingleMessageFromData(Connection, Byte[], Int32)
Alta.Networking.Internal.QueuedConnectionReceiver:ProcessReceivedPacket(Byte[], Int32&, Int32)
Alta.Networking.Internal.QueuedConnectionReceiver:ReceivePacket(Byte[], Int32)
Alta.Networking.Connection:ReceivePacket(Int32, Byte[], Int32)
Alta.Networking.ClientMessageReceiver:ReceiveMessages()
Alta.Networking.Socket:UpdateReceive()
Alta.Networking.NetworkManager:Receive()
UpdateModule:IterateOverLinkedList(MethodNode)
UpdateModule:Update()
UnityUpdateManager:Update()

","","",""
"2022-01-27 21:47:47.8204","Error","UnhandledExceptions","Object reference not set to an instance of an object","Alta.Heat.HandShakeOffDetector.Request (UnityEngine.Object activator) (at <cd77c76437e84f6db820327afca49967>:0)
Alta.Heat.MovementHeatPoint.OnEnable () (at <cd77c76437e84f6db820327afca49967>:0)
UnityEngine.Object:Instantiate(NetworkPrefab)
Alta.Networking.SpawnManager:SpawnLocal(UInt32, NetworkEntityLink, UInt32[], TransformSave)
Alta.Networking.ClientSpawnManager:SpawnAsClient(UInt32, UInt32, UInt32[], TransformSave, NetworkEntity&)
Alta.Networking.SpawnMessage:Serialize(Connection, Stream)
Alta.Networking.Internal.MessageProcessor:HandleMessage(Connection, Stream, MessageType)
Alta.Networking.Internal.MessageProcessor:ProcessSingleMessageFromData(Connection, Byte[], Int32)
Alta.Networking.Internal.QueuedConnectionReceiver:ProcessReceivedPacket(Byte[], Int32&, Int32)
Alta.Networking.Internal.QueuedConnectionReceiver:ReceivePacket(Byte[], Int32)
Alta.Networking.Connection:ReceivePacket(Int32, Byte[], Int32)
Alta.Networking.ClientMessageReceiver:ReceiveMessages()
Alta.Networking.Socket:UpdateReceive()
Alta.Networking.NetworkManager:Receive()
UpdateModule:IterateOverLinkedList(MethodNode)
UpdateModule:Update()
UnityUpdateManager:Update()

","","",""
"2022-01-27 21:47:47.8204","Error","UnhandledExceptions","Object reference not set to an instance of an object","Alta.Heat.HandShakeOffDetector.Request (UnityEngine.Object activator) (at <cd77c76437e84f6db820327afca49967>:0)
Alta.Heat.MovementHeatPoint.OnEnable () (at <cd77c76437e84f6db820327afca49967>:0)
UnityEngine.Object:Instantiate(NetworkPrefab)
Alta.Networking.SpawnManager:SpawnLocal(UInt32, NetworkEntityLink, UInt32[], TransformSave)
Alta.Networking.ClientSpawnManager:SpawnAsClient(UInt32, UInt32, UInt32[], TransformSave, NetworkEntity&)
Alta.Networking.SpawnMessage:Serialize(Connection, Stream)
Alta.Networking.Internal.MessageProcessor:HandleMessage(Connection, Stream, MessageType)
Alta.Networking.Internal.MessageProcessor:ProcessSingleMessageFromData(Connection, Byte[], Int32)
Alta.Networking.Internal.QueuedConnectionReceiver:ProcessReceivedPacket(Byte[], Int32&, Int32)
Alta.Networking.Internal.QueuedConnectionReceiver:ReceivePacket(Byte[], Int32)
Alta.Networking.Connection:ReceivePacket(Int32, Byte[], Int32)
Alta.Networking.ClientMessageReceiver:ReceiveMessages()
Alta.Networking.Socket:UpdateReceive()
Alta.Networking.NetworkManager:Receive()
UpdateModule:IterateOverLinkedList(MethodNode)
UpdateModule:Update()
UnityUpdateManager:Update()

","","",""
"2022-01-27 21:47:47.8204","Error","UnhandledExceptions","Object reference not set to an instance of an object","Alta.Heat.HandShakeOffDetector.Request (UnityEngine.Object activator) (at <cd77c76437e84f6db820327afca49967>:0)
Alta.Heat.MovementHeatPoint.OnEnable () (at <cd77c76437e84f6db820327afca49967>:0)
UnityEngine.Object:Instantiate(NetworkPrefab)
Alta.Networking.SpawnManager:SpawnLocal(UInt32, NetworkEntityLink, UInt32[], TransformSave)
Alta.Networking.ClientSpawnManager:SpawnAsClient(UInt32, UInt32, UInt32[], TransformSave, NetworkEntity&)
Alta.Networking.SpawnMessage:Serialize(Connection, Stream)
Alta.Networking.Internal.MessageProcessor:HandleMessage(Connection, Stream, MessageType)
Alta.Networking.Internal.MessageProcessor:ProcessSingleMessageFromData(Connection, Byte[], Int32)
Alta.Networking.Internal.QueuedConnectionReceiver:ProcessReceivedPacket(Byte[], Int32&, Int32)
Alta.Networking.Internal.QueuedConnectionReceiver:ReceivePacket(Byte[], Int32)
Alta.Networking.Connection:ReceivePacket(Int32, Byte[], Int32)
Alta.Networking.ClientMessageReceiver:ReceiveMessages()
Alta.Networking.Socket:UpdateReceive()
Alta.Networking.NetworkManager:Receive()
UpdateModule:IterateOverLinkedList(MethodNode)
UpdateModule:Update()
UnityUpdateManager:Update()

","","",""
"2022-01-27 21:49:18.3710","Error","UnityLogHandler","Unhandled Unity Log: SessionSet3dPositionReq() failed VivoxUnity.VivoxApiException: Target Object Does Not Exist (5029)
  at VivoxUnity.VxClient.EndIssueRequest (System.IAsyncResult result) [0x00055] in <bb1e55af5b7d418b957315153af39345>:0 
  at VivoxUnity.Private.ChannelSession+<>c.<Set3DPosition>b__74_0 (System.IAsyncResult result) [0x00005] in <bb1e55af5b7d418b957315153af39345>:0 ","UnityLogHandler.LogFormat() at :0
UnityEngine.Logger.Log() at :0
UnityEngine.Debug.LogError() at :0
VivoxUnity.VivoxDebug.DebugMessage() at :0
VivoxUnity.Private.ChannelSession+<>c.<Set3DPosition>b__74_0() at :0
VivoxUnity.AsyncResult`1[[vx_resp_base_t, VivoxUnity, Version=1.0.0.0, Culture=neutral, PublicKeyToken=null]].SetComplete() at :0
VivoxUnity.VxClient.InstanceOnMainLoopRun() at :0
MessagePump.RunUntil() at :0
VivoxUnity.Client.RunOnce() at :0
VivoxClient.Update() at :0
VivoxManager.Update() at :0","","",""
"2022-01-27 21:49:18.6703","Error","UnityLogHandler","Unhandled Unity Log: SessionSet3dPositionReq() failed VivoxUnity.VivoxApiException: Target Object Does Not Exist (5029)
  at VivoxUnity.VxClient.EndIssueRequest (System.IAsyncResult result) [0x00055] in <bb1e55af5b7d418b957315153af39345>:0 
  at VivoxUnity.Private.ChannelSession+<>c.<Set3DPosition>b__74_0 (System.IAsyncResult result) [0x00005] in <bb1e55af5b7d418b957315153af39345>:0 ","UnityLogHandler.LogFormat() at :0
UnityEngine.Logger.Log() at :0
UnityEngine.Debug.LogError() at :0
VivoxUnity.VivoxDebug.DebugMessage() at :0
VivoxUnity.Private.ChannelSession+<>c.<Set3DPosition>b__74_0() at :0
VivoxUnity.AsyncResult`1[[vx_resp_base_t, VivoxUnity, Version=1.0.0.0, Culture=neutral, PublicKeyToken=null]].SetComplete() at :0
VivoxUnity.VxClient.InstanceOnMainLoopRun() at :0
MessagePump.RunUntil() at :0
VivoxUnity.Client.RunOnce() at :0
VivoxClient.Update() at :0
VivoxManager.Update() at :0","","",""
"2022-01-27 21:49:18.9780","Error","UnityLogHandler","Unhandled Unity Log: SessionSet3dPositionReq() failed VivoxUnity.VivoxApiException: Target Object Does Not Exist (5029)
  at VivoxUnity.VxClient.EndIssueRequest (System.IAsyncResult result) [0x00055] in <bb1e55af5b7d418b957315153af39345>:0 
  at VivoxUnity.Private.ChannelSession+<>c.<Set3DPosition>b__74_0 (System.IAsyncResult result) [0x00005] in <bb1e55af5b7d418b957315153af39345>:0 ","UnityLogHandler.LogFormat() at :0
UnityEngine.Logger.Log() at :0
UnityEngine.Debug.LogError() at :0
VivoxUnity.VivoxDebug.DebugMessage() at :0
VivoxUnity.Private.ChannelSession+<>c.<Set3DPosition>b__74_0() at :0
VivoxUnity.AsyncResult`1[[vx_resp_base_t, VivoxUnity, Version=1.0.0.0, Culture=neutral, PublicKeyToken=null]].SetComplete() at :0
VivoxUnity.VxClient.InstanceOnMainLoopRun() at :0
MessagePump.RunUntil() at :0
VivoxUnity.Client.RunOnce() at :0
VivoxClient.Update() at :0
VivoxManager.Update() at :0","","",""
"2022-01-27 21:49:19.2824","Error","UnityLogHandler","Unhandled Unity Log: SessionSet3dPositionReq() failed VivoxUnity.VivoxApiException: Target Object Does Not Exist (5029)
  at VivoxUnity.VxClient.EndIssueRequest (System.IAsyncResult result) [0x00055] in <bb1e55af5b7d418b957315153af39345>:0 
  at VivoxUnity.Private.ChannelSession+<>c.<Set3DPosition>b__74_0 (System.IAsyncResult result) [0x00005] in <bb1e55af5b7d418b957315153af39345>:0 ","UnityLogHandler.LogFormat() at :0
UnityEngine.Logger.Log() at :0
UnityEngine.Debug.LogError() at :0
VivoxUnity.VivoxDebug.DebugMessage() at :0
VivoxUnity.Private.ChannelSession+<>c.<Set3DPosition>b__74_0() at :0
VivoxUnity.AsyncResult`1[[vx_resp_base_t, VivoxUnity, Version=1.0.0.0, Culture=neutral, PublicKeyToken=null]].SetComplete() at :0
VivoxUnity.VxClient.InstanceOnMainLoopRun() at :0
MessagePump.RunUntil() at :0
VivoxUnity.Client.RunOnce() at :0
VivoxClient.Update() at :0
VivoxManager.Update() at :0","","",""
"2022-01-27 21:49:19.5899","Error","UnityLogHandler","Unhandled Unity Log: SessionSet3dPositionReq() failed VivoxUnity.VivoxApiException: Target Object Does Not Exist (5029)
  at VivoxUnity.VxClient.EndIssueRequest (System.IAsyncResult result) [0x00055] in <bb1e55af5b7d418b957315153af39345>:0 
  at VivoxUnity.Private.ChannelSession+<>c.<Set3DPosition>b__74_0 (System.IAsyncResult result) [0x00005] in <bb1e55af5b7d418b957315153af39345>:0 ","UnityLogHandler.LogFormat() at :0
UnityEngine.Logger.Log() at :0
UnityEngine.Debug.LogError() at :0
VivoxUnity.VivoxDebug.DebugMessage() at :0
VivoxUnity.Private.ChannelSession+<>c.<Set3DPosition>b__74_0() at :0
VivoxUnity.AsyncResult`1[[vx_resp_base_t, VivoxUnity, Version=1.0.0.0, Culture=neutral, PublicKeyToken=null]].SetComplete() at :0
VivoxUnity.VxClient.InstanceOnMainLoopRun() at :0
MessagePump.RunUntil() at :0
VivoxUnity.Client.RunOnce() at :0
VivoxClient.Update() at :0
VivoxManager.Update() at :0","","",""
"2022-01-27 21:49:19.8972","Error","UnityLogHandler","Unhandled Unity Log: SessionSet3dPositionReq() failed VivoxUnity.VivoxApiException: Target Object Does Not Exist (5029)
  at VivoxUnity.VxClient.EndIssueRequest (System.IAsyncResult result) [0x00055] in <bb1e55af5b7d418b957315153af39345>:0 
  at VivoxUnity.Private.ChannelSession+<>c.<Set3DPosition>b__74_0 (System.IAsyncResult result) [0x00005] in <bb1e55af5b7d418b957315153af39345>:0 ","UnityLogHandler.LogFormat() at :0
UnityEngine.Logger.Log() at :0
UnityEngine.Debug.LogError() at :0
VivoxUnity.VivoxDebug.DebugMessage() at :0
VivoxUnity.Private.ChannelSession+<>c.<Set3DPosition>b__74_0() at :0
VivoxUnity.AsyncResult`1[[vx_resp_base_t, VivoxUnity, Version=1.0.0.0, Culture=neutral, PublicKeyToken=null]].SetComplete() at :0
VivoxUnity.VxClient.InstanceOnMainLoopRun() at :0
MessagePump.RunUntil() at :0
VivoxUnity.Client.RunOnce() at :0
VivoxClient.Update() at :0
VivoxManager.Update() at :0","","",""
"2022-01-27 21:49:20.2024","Error","UnityLogHandler","Unhandled Unity Log: SessionSet3dPositionReq() failed VivoxUnity.VivoxApiException: Target Object Does Not Exist (5029)
  at VivoxUnity.VxClient.EndIssueRequest (System.IAsyncResult result) [0x00055] in <bb1e55af5b7d418b957315153af39345>:0 
  at VivoxUnity.Private.ChannelSession+<>c.<Set3DPosition>b__74_0 (System.IAsyncResult result) [0x00005] in <bb1e55af5b7d418b957315153af39345>:0 ","UnityLogHandler.LogFormat() at :0
UnityEngine.Logger.Log() at :0
UnityEngine.Debug.LogError() at :0
VivoxUnity.VivoxDebug.DebugMessage() at :0
VivoxUnity.Private.ChannelSession+<>c.<Set3DPosition>b__74_0() at :0
VivoxUnity.AsyncResult`1[[vx_resp_base_t, VivoxUnity, Version=1.0.0.0, Culture=neutral, PublicKeyToken=null]].SetComplete() at :0
VivoxUnity.VxClient.InstanceOnMainLoopRun() at :0
MessagePump.RunUntil() at :0
VivoxUnity.Client.RunOnce() at :0
VivoxClient.Update() at :0
VivoxManager.Update() at :0","","",""
"2022-01-27 21:49:20.5091","Error","UnityLogHandler","Unhandled Unity Log: SessionSet3dPositionReq() failed VivoxUnity.VivoxApiException: Target Object Does Not Exist (5029)
  at VivoxUnity.VxClient.EndIssueRequest (System.IAsyncResult result) [0x00055] in <bb1e55af5b7d418b957315153af39345>:0 
  at VivoxUnity.Private.ChannelSession+<>c.<Set3DPosition>b__74_0 (System.IAsyncResult result) [0x00005] in <bb1e55af5b7d418b957315153af39345>:0 ","UnityLogHandler.LogFormat() at :0
UnityEngine.Logger.Log() at :0
UnityEngine.Debug.LogError() at :0
VivoxUnity.VivoxDebug.DebugMessage() at :0
VivoxUnity.Private.ChannelSession+<>c.<Set3DPosition>b__74_0() at :0
VivoxUnity.AsyncResult`1[[vx_resp_base_t, VivoxUnity, Version=1.0.0.0, Culture=neutral, PublicKeyToken=null]].SetComplete() at :0
VivoxUnity.VxClient.InstanceOnMainLoopRun() at :0
MessagePump.RunUntil() at :0
VivoxUnity.Client.RunOnce() at :0
VivoxClient.Update() at :0
VivoxManager.Update() at :0","","",""
"2022-01-27 21:49:20.8118","Error","UnityLogHandler","Unhandled Unity Log: SessionSet3dPositionReq() failed VivoxUnity.VivoxApiException: Target Object Does Not Exist (5029)
  at VivoxUnity.VxClient.EndIssueRequest (System.IAsyncResult result) [0x00055] in <bb1e55af5b7d418b957315153af39345>:0 
  at VivoxUnity.Private.ChannelSession+<>c.<Set3DPosition>b__74_0 (System.IAsyncResult result) [0x00005] in <bb1e55af5b7d418b957315153af39345>:0 ","UnityLogHandler.LogFormat() at :0
UnityEngine.Logger.Log() at :0
UnityEngine.Debug.LogError() at :0
VivoxUnity.VivoxDebug.DebugMessage() at :0
VivoxUnity.Private.ChannelSession+<>c.<Set3DPosition>b__74_0() at :0
VivoxUnity.AsyncResult`1[[vx_resp_base_t, VivoxUnity, Version=1.0.0.0, Culture=neutral, PublicKeyToken=null]].SetComplete() at :0
VivoxUnity.VxClient.InstanceOnMainLoopRun() at :0
MessagePump.RunUntil() at :0
VivoxUnity.Client.RunOnce() at :0
VivoxClient.Update() at :0
VivoxManager.Update() at :0","","",""
"2022-01-27 21:49:21.1209","Error","UnityLogHandler","Unhandled Unity Log: SessionSet3dPositionReq() failed VivoxUnity.VivoxApiException: Target Object Does Not Exist (5029)
  at VivoxUnity.VxClient.EndIssueRequest (System.IAsyncResult result) [0x00055] in <bb1e55af5b7d418b957315153af39345>:0 
  at VivoxUnity.Private.ChannelSession+<>c.<Set3DPosition>b__74_0 (System.IAsyncResult result) [0x00005] in <bb1e55af5b7d418b957315153af39345>:0 ","UnityLogHandler.LogFormat() at :0
UnityEngine.Logger.Log() at :0
UnityEngine.Debug.LogError() at :0
VivoxUnity.VivoxDebug.DebugMessage() at :0
VivoxUnity.Private.ChannelSession+<>c.<Set3DPosition>b__74_0() at :0
VivoxUnity.AsyncResult`1[[vx_resp_base_t, VivoxUnity, Version=1.0.0.0, Culture=neutral, PublicKeyToken=null]].SetComplete() at :0
VivoxUnity.VxClient.InstanceOnMainLoopRun() at :0
MessagePump.RunUntil() at :0
VivoxUnity.Client.RunOnce() at :0
VivoxClient.Update() at :0
VivoxManager.Update() at :0","","",""
"2022-01-27 21:49:21.4268","Error","UnityLogHandler","Unhandled Unity Log: SessionSet3dPositionReq() failed VivoxUnity.VivoxApiException: Target Object Does Not Exist (5029)
  at VivoxUnity.VxClient.EndIssueRequest (System.IAsyncResult result) [0x00055] in <bb1e55af5b7d418b957315153af39345>:0 
  at VivoxUnity.Private.ChannelSession+<>c.<Set3DPosition>b__74_0 (System.IAsyncResult result) [0x00005] in <bb1e55af5b7d418b957315153af39345>:0 ","UnityLogHandler.LogFormat() at :0
UnityEngine.Logger.Log() at :0
UnityEngine.Debug.LogError() at :0
VivoxUnity.VivoxDebug.DebugMessage() at :0
VivoxUnity.Private.ChannelSession+<>c.<Set3DPosition>b__74_0() at :0
VivoxUnity.AsyncResult`1[[vx_resp_base_t, VivoxUnity, Version=1.0.0.0, Culture=neutral, PublicKeyToken=null]].SetComplete() at :0
VivoxUnity.VxClient.InstanceOnMainLoopRun() at :0
MessagePump.RunUntil() at :0
VivoxUnity.Client.RunOnce() at :0
VivoxClient.Update() at :0
VivoxManager.Update() at :0","","",""
"2022-01-27 21:49:21.7341","Error","UnityLogHandler","Unhandled Unity Log: SessionSet3dPositionReq() failed VivoxUnity.VivoxApiException: Target Object Does Not Exist (5029)
  at VivoxUnity.VxClient.EndIssueRequest (System.IAsyncResult result) [0x00055] in <bb1e55af5b7d418b957315153af39345>:0 
  at VivoxUnity.Private.ChannelSession+<>c.<Set3DPosition>b__74_0 (System.IAsyncResult result) [0x00005] in <bb1e55af5b7d418b957315153af39345>:0 ","UnityLogHandler.LogFormat() at :0
UnityEngine.Logger.Log() at :0
UnityEngine.Debug.LogError() at :0
VivoxUnity.VivoxDebug.DebugMessage() at :0
VivoxUnity.Private.ChannelSession+<>c.<Set3DPosition>b__74_0() at :0
VivoxUnity.AsyncResult`1[[vx_resp_base_t, VivoxUnity, Version=1.0.0.0, Culture=neutral, PublicKeyToken=null]].SetComplete() at :0
VivoxUnity.VxClient.InstanceOnMainLoopRun() at :0
MessagePump.RunUntil() at :0
VivoxUnity.Client.RunOnce() at :0
VivoxClient.Update() at :0
VivoxManager.Update() at :0","","",""
"2022-01-27 21:49:22.0393","Error","UnityLogHandler","Unhandled Unity Log: SessionSet3dPositionReq() failed VivoxUnity.VivoxApiException: Target Object Does Not Exist (5029)
  at VivoxUnity.VxClient.EndIssueRequest (System.IAsyncResult result) [0x00055] in <bb1e55af5b7d418b957315153af39345>:0 
  at VivoxUnity.Private.ChannelSession+<>c.<Set3DPosition>b__74_0 (System.IAsyncResult result) [0x00005] in <bb1e55af5b7d418b957315153af39345>:0 ","UnityLogHandler.LogFormat() at :0
UnityEngine.Logger.Log() at :0
UnityEngine.Debug.LogError() at :0
VivoxUnity.VivoxDebug.DebugMessage() at :0
VivoxUnity.Private.ChannelSession+<>c.<Set3DPosition>b__74_0() at :0
VivoxUnity.AsyncResult`1[[vx_resp_base_t, VivoxUnity, Version=1.0.0.0, Culture=neutral, PublicKeyToken=null]].SetComplete() at :0
VivoxUnity.VxClient.InstanceOnMainLoopRun() at :0
MessagePump.RunUntil() at :0
VivoxUnity.Client.RunOnce() at :0
VivoxClient.Update() at :0
VivoxManager.Update() at :0","","",""
"2022-01-27 21:49:22.3451","Error","UnityLogHandler","Unhandled Unity Log: SessionSet3dPositionReq() failed VivoxUnity.VivoxApiException: Target Object Does Not Exist (5029)
  at VivoxUnity.VxClient.EndIssueRequest (System.IAsyncResult result) [0x00055] in <bb1e55af5b7d418b957315153af39345>:0 
  at VivoxUnity.Private.ChannelSession+<>c.<Set3DPosition>b__74_0 (System.IAsyncResult result) [0x00005] in <bb1e55af5b7d418b957315153af39345>:0 ","UnityLogHandler.LogFormat() at :0
UnityEngine.Logger.Log() at :0
UnityEngine.Debug.LogError() at :0
VivoxUnity.VivoxDebug.DebugMessage() at :0
VivoxUnity.Private.ChannelSession+<>c.<Set3DPosition>b__74_0() at :0
VivoxUnity.AsyncResult`1[[vx_resp_base_t, VivoxUnity, Version=1.0.0.0, Culture=neutral, PublicKeyToken=null]].SetComplete() at :0
VivoxUnity.VxClient.InstanceOnMainLoopRun() at :0
MessagePump.RunUntil() at :0
VivoxUnity.Client.RunOnce() at :0
VivoxClient.Update() at :0
VivoxManager.Update() at :0","","",""
"2022-01-27 21:49:22.6512","Error","UnityLogHandler","Unhandled Unity Log: SessionSet3dPositionReq() failed VivoxUnity.VivoxApiException: Target Object Does Not Exist (5029)
  at VivoxUnity.VxClient.EndIssueRequest (System.IAsyncResult result) [0x00055] in <bb1e55af5b7d418b957315153af39345>:0 
  at VivoxUnity.Private.ChannelSession+<>c.<Set3DPosition>b__74_0 (System.IAsyncResult result) [0x00005] in <bb1e55af5b7d418b957315153af39345>:0 ","UnityLogHandler.LogFormat() at :0
UnityEngine.Logger.Log() at :0
UnityEngine.Debug.LogError() at :0
VivoxUnity.VivoxDebug.DebugMessage() at :0
VivoxUnity.Private.ChannelSession+<>c.<Set3DPosition>b__74_0() at :0
VivoxUnity.AsyncResult`1[[vx_resp_base_t, VivoxUnity, Version=1.0.0.0, Culture=neutral, PublicKeyToken=null]].SetComplete() at :0
VivoxUnity.VxClient.InstanceOnMainLoopRun() at :0
MessagePump.RunUntil() at :0
VivoxUnity.Client.RunOnce() at :0
VivoxClient.Update() at :0
VivoxManager.Update() at :0","","",""
"2022-01-27 21:49:22.9571","Error","UnityLogHandler","Unhandled Unity Log: SessionSet3dPositionReq() failed VivoxUnity.VivoxApiException: Target Object Does Not Exist (5029)
  at VivoxUnity.VxClient.EndIssueRequest (System.IAsyncResult result) [0x00055] in <bb1e55af5b7d418b957315153af39345>:0 
  at VivoxUnity.Private.ChannelSession+<>c.<Set3DPosition>b__74_0 (System.IAsyncResult result) [0x00005] in <bb1e55af5b7d418b957315153af39345>:0 ","UnityLogHandler.LogFormat() at :0
UnityEngine.Logger.Log() at :0
UnityEngine.Debug.LogError() at :0
VivoxUnity.VivoxDebug.DebugMessage() at :0
VivoxUnity.Private.ChannelSession+<>c.<Set3DPosition>b__74_0() at :0
VivoxUnity.AsyncResult`1[[vx_resp_base_t, VivoxUnity, Version=1.0.0.0, Culture=neutral, PublicKeyToken=null]].SetComplete() at :0
VivoxUnity.VxClient.InstanceOnMainLoopRun() at :0
MessagePump.RunUntil() at :0
VivoxUnity.Client.RunOnce() at :0
VivoxClient.Update() at :0
VivoxManager.Update() at :0","","",""
"2022-01-27 21:49:23.2615","Error","UnityLogHandler","Unhandled Unity Log: SessionSet3dPositionReq() failed VivoxUnity.VivoxApiException: Target Object Does Not Exist (5029)
  at VivoxUnity.VxClient.EndIssueRequest (System.IAsyncResult result) [0x00055] in <bb1e55af5b7d418b957315153af39345>:0 
  at VivoxUnity.Private.ChannelSession+<>c.<Set3DPosition>b__74_0 (System.IAsyncResult result) [0x00005] in <bb1e55af5b7d418b957315153af39345>:0 ","UnityLogHandler.LogFormat() at :0
UnityEngine.Logger.Log() at :0
UnityEngine.Debug.LogError() at :0
VivoxUnity.VivoxDebug.DebugMessage() at :0
VivoxUnity.Private.ChannelSession+<>c.<Set3DPosition>b__74_0() at :0
VivoxUnity.AsyncResult`1[[vx_resp_base_t, VivoxUnity, Version=1.0.0.0, Culture=neutral, PublicKeyToken=null]].SetComplete() at :0
VivoxUnity.VxClient.InstanceOnMainLoopRun() at :0
MessagePump.RunUntil() at :0
VivoxUnity.Client.RunOnce() at :0
VivoxClient.Update() at :0
VivoxManager.Update() at :0","","",""
"2022-01-27 21:49:23.6318","Error","Alta.Networking.ClientMessageReceiver","Disconnect received from unknown source","Alta.Networking.ClientMessageReceiver.ReceiveMessages() at :0
Alta.Networking.Socket.UpdateReceive() at :0
Alta.Networking.NetworkManager.Receive() at :0
UpdateModule.IterateOverLinkedList() at :0
UpdateModule.Update() at :0
UnityUpdateManager.Update() at :0","","",""
"2022-01-27 21:49:23.6517","Error","UnityLogHandler","Unhandled Unity Log: SessionSet3dPositionReq() failed VivoxUnity.VivoxApiException: Target Object Does Not Exist (5029)
  at VivoxUnity.VxClient.EndIssueRequest (System.IAsyncResult result) [0x00055] in <bb1e55af5b7d418b957315153af39345>:0 
  at VivoxUnity.Private.ChannelSession+<>c.<Set3DPosition>b__74_0 (System.IAsyncResult result) [0x00005] in <bb1e55af5b7d418b957315153af39345>:0 ","UnityLogHandler.LogFormat() at :0
UnityEngine.Logger.Log() at :0
UnityEngine.Debug.LogError() at :0
VivoxUnity.VivoxDebug.DebugMessage() at :0
VivoxUnity.Private.ChannelSession+<>c.<Set3DPosition>b__74_0() at :0
VivoxUnity.AsyncResult`1[[vx_resp_base_t, VivoxUnity, Version=1.0.0.0, Culture=neutral, PublicKeyToken=null]].SetComplete() at :0
VivoxUnity.VxClient.InstanceOnMainLoopRun() at :0
MessagePump.RunUntil() at :0
VivoxUnity.Client.RunOnce() at :0
VivoxClient.Update() at :0
VivoxManager.Update() at :0","","",""
"2022-01-27 21:49:23.9640","Error","UnityLogHandler","Unhandled Unity Log: SessionSet3dPositionReq() failed VivoxUnity.VivoxApiException: Target Object Does Not Exist (5029)
  at VivoxUnity.VxClient.EndIssueRequest (System.IAsyncResult result) [0x00055] in <bb1e55af5b7d418b957315153af39345>:0 
  at VivoxUnity.Private.ChannelSession+<>c.<Set3DPosition>b__74_0 (System.IAsyncResult result) [0x00005] in <bb1e55af5b7d418b957315153af39345>:0 ","UnityLogHandler.LogFormat() at :0
UnityEngine.Logger.Log() at :0
UnityEngine.Debug.LogError() at :0
VivoxUnity.VivoxDebug.DebugMessage() at :0
VivoxUnity.Private.ChannelSession+<>c.<Set3DPosition>b__74_0() at :0
VivoxUnity.AsyncResult`1[[vx_resp_base_t, VivoxUnity, Version=1.0.0.0, Culture=neutral, PublicKeyToken=null]].SetComplete() at :0
VivoxUnity.VxClient.InstanceOnMainLoopRun() at :0
MessagePump.RunUntil() at :0
VivoxUnity.Client.RunOnce() at :0
VivoxClient.Update() at :0
VivoxManager.Update() at :0","","",""
"2022-01-27 21:49:24.2769","Error","UnityLogHandler","Unhandled Unity Log: SessionSet3dPositionReq() failed VivoxUnity.VivoxApiException: Target Object Does Not Exist (5029)
  at VivoxUnity.VxClient.EndIssueRequest (System.IAsyncResult result) [0x00055] in <bb1e55af5b7d418b957315153af39345>:0 
  at VivoxUnity.Private.ChannelSession+<>c.<Set3DPosition>b__74_0 (System.IAsyncResult result) [0x00005] in <bb1e55af5b7d418b957315153af39345>:0 ","UnityLogHandler.LogFormat() at :0
UnityEngine.Logger.Log() at :0
UnityEngine.Debug.LogError() at :0
VivoxUnity.VivoxDebug.DebugMessage() at :0
VivoxUnity.Private.ChannelSession+<>c.<Set3DPosition>b__74_0() at :0
VivoxUnity.AsyncResult`1[[vx_resp_base_t, VivoxUnity, Version=1.0.0.0, Culture=neutral, PublicKeyToken=null]].SetComplete() at :0
VivoxUnity.VxClient.InstanceOnMainLoopRun() at :0
MessagePump.RunUntil() at :0
VivoxUnity.Client.RunOnce() at :0
VivoxClient.Update() at :0
VivoxManager.Update() at :0","","",""
"2022-01-27 21:49:24.6139","Error","UnityLogHandler","Unhandled Unity Log: SessionSet3dPositionReq() failed VivoxUnity.VivoxApiException: Target Object Does Not Exist (5029)
  at VivoxUnity.VxClient.EndIssueRequest (System.IAsyncResult result) [0x00055] in <bb1e55af5b7d418b957315153af39345>:0 
  at VivoxUnity.Private.ChannelSession+<>c.<Set3DPosition>b__74_0 (System.IAsyncResult result) [0x00005] in <bb1e55af5b7d418b957315153af39345>:0 ","UnityLogHandler.LogFormat() at :0
UnityEngine.Logger.Log() at :0
UnityEngine.Debug.LogError() at :0
VivoxUnity.VivoxDebug.DebugMessage() at :0
VivoxUnity.Private.ChannelSession+<>c.<Set3DPosition>b__74_0() at :0
VivoxUnity.AsyncResult`1[[vx_resp_base_t, VivoxUnity, Version=1.0.0.0, Culture=neutral, PublicKeyToken=null]].SetComplete() at :0
VivoxUnity.VxClient.InstanceOnMainLoopRun() at :0
MessagePump.RunUntil() at :0
VivoxUnity.Client.RunOnce() at :0
VivoxClient.Update() at :0
VivoxManager.Update() at :0","","",""
"2022-01-27 21:49:24.9202","Error","UnityLogHandler","Unhandled Unity Log: SessionSet3dPositionReq() failed VivoxUnity.VivoxApiException: Target Object Does Not Exist (5029)
  at VivoxUnity.VxClient.EndIssueRequest (System.IAsyncResult result) [0x00055] in <bb1e55af5b7d418b957315153af39345>:0 
  at VivoxUnity.Private.ChannelSession+<>c.<Set3DPosition>b__74_0 (System.IAsyncResult result) [0x00005] in <bb1e55af5b7d418b957315153af39345>:0 ","UnityLogHandler.LogFormat() at :0
UnityEngine.Logger.Log() at :0
UnityEngine.Debug.LogError() at :0
VivoxUnity.VivoxDebug.DebugMessage() at :0
VivoxUnity.Private.ChannelSession+<>c.<Set3DPosition>b__74_0() at :0
VivoxUnity.AsyncResult`1[[vx_resp_base_t, VivoxUnity, Version=1.0.0.0, Culture=neutral, PublicKeyToken=null]].SetComplete() at :0
VivoxUnity.VxClient.InstanceOnMainLoopRun() at :0
MessagePump.RunUntil() at :0
VivoxUnity.Client.RunOnce() at :0
VivoxClient.Update() at :0
VivoxManager.Update() at :0","","",""
"2022-01-27 21:49:25.2282","Error","UnityLogHandler","Unhandled Unity Log: SessionSet3dPositionReq() failed VivoxUnity.VivoxApiException: Target Object Does Not Exist (5029)
  at VivoxUnity.VxClient.EndIssueRequest (System.IAsyncResult result) [0x00055] in <bb1e55af5b7d418b957315153af39345>:0 
  at VivoxUnity.Private.ChannelSession+<>c.<Set3DPosition>b__74_0 (System.IAsyncResult result) [0x00005] in <bb1e55af5b7d418b957315153af39345>:0 ","UnityLogHandler.LogFormat() at :0
UnityEngine.Logger.Log() at :0
UnityEngine.Debug.LogError() at :0
VivoxUnity.VivoxDebug.DebugMessage() at :0
VivoxUnity.Private.ChannelSession+<>c.<Set3DPosition>b__74_0() at :0
VivoxUnity.AsyncResult`1[[vx_resp_base_t, VivoxUnity, Version=1.0.0.0, Culture=neutral, PublicKeyToken=null]].SetComplete() at :0
VivoxUnity.VxClient.InstanceOnMainLoopRun() at :0
MessagePump.RunUntil() at :0
VivoxUnity.Client.RunOnce() at :0
VivoxClient.Update() at :0
VivoxManager.Update() at :0","","",""
"2022-01-27 21:49:25.5230","Error","UnityLogHandler","Unhandled Unity Log: SessionSet3dPositionReq() failed VivoxUnity.VivoxApiException: Target Object Does Not Exist (5029)
  at VivoxUnity.VxClient.EndIssueRequest (System.IAsyncResult result) [0x00055] in <bb1e55af5b7d418b957315153af39345>:0 
  at VivoxUnity.Private.ChannelSession+<>c.<Set3DPosition>b__74_0 (System.IAsyncResult result) [0x00005] in <bb1e55af5b7d418b957315153af39345>:0 ","UnityLogHandler.LogFormat() at :0
UnityEngine.Logger.Log() at :0
UnityEngine.Debug.LogError() at :0
VivoxUnity.VivoxDebug.DebugMessage() at :0
VivoxUnity.Private.ChannelSession+<>c.<Set3DPosition>b__74_0() at :0
VivoxUnity.AsyncResult`1[[vx_resp_base_t, VivoxUnity, Version=1.0.0.0, Culture=neutral, PublicKeyToken=null]].SetComplete() at :0
VivoxUnity.VxClient.InstanceOnMainLoopRun() at :0
MessagePump.RunUntil() at :0
VivoxUnity.Client.RunOnce() at :0
VivoxClient.Update() at :0
VivoxManager.Update() at :0","","",""
"2022-01-27 21:49:25.5415","Error","UnityLogHandler","Unhandled Unity Log: SessiongroupRemoveSessionReq() failed VivoxUnity.VivoxApiException: Target Object Does Not Exist (5029)
  at VivoxUnity.VxClient.EndIssueRequest (System.IAsyncResult result) [0x00055] in <bb1e55af5b7d418b957315153af39345>:0 
  at VivoxUnity.Private.ChannelSession+<>c__DisplayClass29_0.<Disconnect>b__0 (System.IAsyncResult result) [0x00005] in <bb1e55af5b7d418b957315153af39345>:0 ","UnityLogHandler.LogFormat() at :0
UnityEngine.Logger.Log() at :0
UnityEngine.Debug.LogError() at :0
VivoxUnity.VivoxDebug.DebugMessage() at :0
VivoxUnity.Private.ChannelSession+<>c__DisplayClass29_0.<Disconnect>b__0() at :0
VivoxUnity.AsyncResult`1[[vx_resp_base_t, VivoxUnity, Version=1.0.0.0, Culture=neutral, PublicKeyToken=null]].SetComplete() at :0
VivoxUnity.VxClient.InstanceOnMainLoopRun() at :0
MessagePump.RunUntil() at :0
VivoxUnity.Client.RunOnce() at :0
VivoxClient.Update() at :0
VivoxManager.Update() at :0","","",""
"2022-01-27 21:49:25.5415","Error","UnityLogHandler","Unhandled Exception: ","UnityLogHandler.LogException() at :0
UnityEngine.Logger.LogException() at :0
UnityEngine.Debug.LogException() at :0
UnityEngine.UnitySynchronizationContext+WorkRequest.Invoke() at :0
UnityEngine.UnitySynchronizationContext.Exec() at :0
UnityEngine.UnitySynchronizationContext.ExecuteTasks() at :0","System.NullReferenceException","Object reference not set to an instance of an object","  at VivoxClient.LeaveChannel (VivoxChannel channel) [0x00060] in <cd77c76437e84f6db820327afca49967>:0 
  at VivoxManager.TerminateChannel () [0x00008] in <cd77c76437e84f6db820327afca49967>:0 
  at VivoxManager.GameIsReloading () [0x00000] in <cd77c76437e84f6db820327afca49967>:0 
  at (wrapper delegate-invoke) <Module>.invoke_void()
  at ApplicationManager.StartReload () [0x0002d] in <cd77c76437e84f6db820327afca49967>:0 
  at GameModeManager+<StopCurrentModeAsync>d__7.MoveNext () [0x000d7] in <cd77c76437e84f6db820327afca49967>:0 
--- End of stack trace from previous location where exception was thrown ---
  at System.Runtime.ExceptionServices.ExceptionDispatchInfo.Throw () [0x0000c] in <e1319b7195c343e79b385cd3aa43f5dc>:0 
  at System.Runtime.CompilerServices.TaskAwaiter.ThrowForNonSuccess (System.Threading.Tasks.Task task) [0x0003e] in <e1319b7195c343e79b385cd3aa43f5dc>:0 
  at System.Runtime.CompilerServices.TaskAwaiter.HandleNonSuccessAndDebuggerNotification (System.Threading.Tasks.Task task) [0x00028] in <e1319b7195c343e79b385cd3aa43f5dc>:0 
  at System.Runtime.CompilerServices.TaskAwaiter.ValidateEnd (System.Threading.Tasks.Task task) [0x00008] in <e1319b7195c343e79b385cd3aa43f5dc>:0 
  at System.Runtime.CompilerServices.TaskAwaiter.GetResult () [0x00000] in <e1319b7195c343e79b385cd3aa43f5dc>:0 
  at JoinedServerGameMode+<LostConnection>d__5.MoveNext () [0x000fc] in <cd77c76437e84f6db820327afca49967>:0 
--- End of stack trace from previous location where exception was thrown ---
  at System.Runtime.ExceptionServices.ExceptionDispatchInfo.Throw () [0x0000c] in <e1319b7195c343e79b385cd3aa43f5dc>:0 
  at System.Runtime.CompilerServices.AsyncMethodBuilderCore+<>c.<ThrowAsync>b__6_0 (System.Object state) [0x00000] in <e1319b7195c343e79b385cd3aa43f5dc>:0 
  at UnityEngine.UnitySynchronizationContext+WorkRequest.Invoke () [0x00002] in <2a16a915bcfd43a0863cfdd4ed027ba5>:0 "
"2022-01-27 21:50:09.2588","Error","VivoxClient","Trying to leave non registered channel VivoxChannel","VivoxClient.LeaveChannel() at :0
VivoxManager.TerminateChannel() at :0
VivoxManager.OnApplicationQuit() at :0","","",""
"2022-01-27 21:50:09.2588","Error","UnhandledExceptions","Object reference not set to an instance of an object","VivoxClient.LeaveChannel (VivoxChannel channel) (at <cd77c76437e84f6db820327afca49967>:0)
VivoxManager.TerminateChannel () (at <cd77c76437e84f6db820327afca49967>:0)
VivoxManager.OnApplicationQuit () (at <cd77c76437e84f6db820327afca49967>:0)

","","",""
