"time","level","logger","message","stacktrace","exception.type","exception.message","exception.stacktrace"
"2022-01-29 19:25:31.0438","Error","ApplicationStartupManager","Couldnt find tutorial server to join","UnityEngine.UnitySynchronizationContext+WorkRequest.Invoke() at :0
UnityEngine.UnitySynchronizationContext.Exec() at :0
UnityEngine.UnitySynchronizationContext.ExecuteTasks() at :0","","",""
"2022-01-29 19:25:38.1182","Error","UnityLogHandler","Unhandled Exception: ","UnityLogHandler.LogException() at :0
UnityEngine.Logger.LogException() at :0
UnityEngine.Debug.LogException() at :0
UnityEngine.UnitySynchronizationContext+WorkRequest.Invoke() at :0
UnityEngine.UnitySynchronizationContext.Exec() at :0
UnityEngine.UnitySynchronizationContext.ExecuteTasks() at :0","System.Exception","Attempting to use an invalid operation handle","  at UnityEngine.ResourceManagement.AsyncOperations.AsyncOperationHandle.get_InternalOp () [0x0001b] in <31c4518358e943ca8505444d120a48bb>:0 
  at UnityEngine.ResourceManagement.AsyncOperations.AsyncOperationHandle.Release () [0x00000] in <31c4518358e943ca8505444d120a48bb>:0 
  at UnityEngine.ResourceManagement.ResourceManager.Release (UnityEngine.ResourceManagement.AsyncOperations.AsyncOperationHandle handle) [0x00000] in <31c4518358e943ca8505444d120a48bb>:0 
  at UnityEngine.AddressableAssets.AddressablesImpl.Release[TObject] (UnityEngine.ResourceManagement.AsyncOperations.AsyncOperationHandle`1[TObject] handle) [0x0000c] in <587b55d345064c95b69e5d3dea68d16d>:0 
  at UnityEngine.AddressableAssets.Addressables.Release[TObject] (UnityEngine.ResourceManagement.AsyncOperations.AsyncOperationHandle`1[TObject] handle) [0x00005] in <587b55d345064c95b69e5d3dea68d16d>:0 
  at ServerCubeMaps+<ApplyCubeMap>d__5.MoveNext () [0x0012d] in <cd77c76437e84f6db820327afca49967>:0 
--- End of stack trace from previous location where exception was thrown ---
  at System.Runtime.ExceptionServices.ExceptionDispatchInfo.Throw () [0x0000c] in <e1319b7195c343e79b385cd3aa43f5dc>:0 
  at System.Runtime.CompilerServices.AsyncMethodBuilderCore+<>c.<ThrowAsync>b__6_0 (System.Object state) [0x00000] in <e1319b7195c343e79b385cd3aa43f5dc>:0 
  at UnityEngine.UnitySynchronizationContext+WorkRequest.Invoke () [0x00002] in <2a16a915bcfd43a0863cfdd4ed027ba5>:0 "
"2022-01-29 19:25:56.2044","Error","Alta.Networking.NetworkEntity","Entity being unofficially destroyed 1 - Grab","Alta.Networking.NetworkEntity.OnDestroy() at :0","","",""
"2022-01-29 19:25:56.2044","Error","Alta.Networking.NetworkEntity","Entity being unofficially destroyed 1 - Grab","Alta.Networking.NetworkEntity.OnDestroy() at :0","","",""
"2022-01-29 19:25:56.2044","Error","Alta.Networking.NetworkEntity","Entity being unofficially destroyed 1 - Grab","Alta.Networking.NetworkEntity.OnDestroy() at :0","","",""
"2022-01-29 19:25:56.2044","Error","Alta.Networking.NetworkEntity","Entity being unofficially destroyed 1 - Grab","Alta.Networking.NetworkEntity.OnDestroy() at :0","","",""
"2022-01-29 19:25:56.2266","Error","Alta.Networking.NetworkEntity","Entity being unofficially destroyed 1 - Main Menu Controller(Clone)","Alta.Networking.NetworkEntity.OnDestroy() at :0","","",""
"2022-01-29 19:25:56.2266","Error","Alta.Networking.NetworkEntity","Entity being unofficially destroyed 0 - Left Hand","Alta.Networking.NetworkEntity.OnDestroy() at :0","","",""
"2022-01-29 19:25:56.2266","Error","Alta.Networking.NetworkEntity","Entity being unofficially destroyed 0 - Right Hand","Alta.Networking.NetworkEntity.OnDestroy() at :0","","",""
"2022-01-29 19:25:56.2266","Error","Alta.Networking.NetworkEntity","Entity being unofficially destroyed 1 - Select Server Orb","Alta.Networking.NetworkEntity.OnDestroy() at :0","","",""
"2022-01-29 19:25:56.2745","Error","PooledObjectPool","You are releasing pooledObject: Temp Wwise Audio(Clone) that has been destroyed, think about releasing it ","PooledObjectPool.Release() at :0
PooledObject.Release() at :0
SimpleAudioControl+<>c__DisplayClass0_0.<Play>b__0() at :0
AkCallbackManager.PostCallbacks() at :0
AkSoundEngineController.LateUpdate() at :0
AkInitializer.LateUpdate() at :0","","",""
"2022-01-29 19:25:56.2745","Error","PooledObjectPool","You are releasing pooledObject: Temp Wwise Audio(Clone) that has been destroyed, think about releasing it ","PooledObjectPool.Release() at :0
PooledObject.Release() at :0
SimpleAudioControl+<>c__DisplayClass0_0.<Play>b__0() at :0
AkCallbackManager.PostCallbacks() at :0
AkSoundEngineController.LateUpdate() at :0
AkInitializer.LateUpdate() at :0","","",""
"2022-01-29 19:25:56.2745","Error","PooledObjectPool","You are releasing pooledObject: Temp Wwise Audio(Clone) that has been destroyed, think about releasing it ","PooledObjectPool.Release() at :0
PooledObject.Release() at :0
SimpleAudioControl+<>c__DisplayClass0_0.<Play>b__0() at :0
AkCallbackManager.PostCallbacks() at :0
AkSoundEngineController.LateUpdate() at :0
AkInitializer.LateUpdate() at :0","","",""
"2022-01-29 19:25:56.2745","Error","PooledObjectPool","You are releasing pooledObject: Temp Wwise Audio(Clone) that has been destroyed, think about releasing it ","PooledObjectPool.Release() at :0
PooledObject.Release() at :0
SimpleAudioControl+<>c__DisplayClass0_0.<Play>b__0() at :0
AkCallbackManager.PostCallbacks() at :0
AkSoundEngineController.LateUpdate() at :0
AkInitializer.LateUpdate() at :0","","",""
"2022-01-29 19:25:56.2745","Error","PooledObjectPool","You are releasing pooledObject: Temp Wwise Audio(Clone) that has been destroyed, think about releasing it ","PooledObjectPool.Release() at :0
PooledObject.Release() at :0
SimpleAudioControl+<>c__DisplayClass0_0.<Play>b__0() at :0
AkCallbackManager.PostCallbacks() at :0
AkSoundEngineController.LateUpdate() at :0
AkInitializer.LateUpdate() at :0","","",""
"2022-01-29 19:26:09.7456","Error","UnhandledExceptions","Object reference not set to an instance of an object","Alta.Heat.HandShakeOffDetector.Request (UnityEngine.Object activator) (at <cd77c76437e84f6db820327afca49967>:0)
Alta.Heat.MovementHeatPoint.OnEnable () (at <cd77c76437e84f6db820327afca49967>:0)
UnityEngine.Object:Instantiate(NetworkPrefab)
Alta.Networking.SpawnManager:SpawnLocal(UInt32, NetworkEntityLink, UInt32[], TransformSave)
Alta.Networking.ClientSpawnManager:SpawnAsClient(UInt32, UInt32, UInt32[], TransformSave, NetworkEntity&)
Alta.Networking.SpawnMessage:Serialize(Connection, Stream)
Alta.Networking.Internal.MessageProcessor:HandleMessage(Connection, Stream, MessageType)
Alta.Networking.Internal.MessageProcessor:ProcessSingleMessageFromData(Connection, Byte[], Int32)
Alta.Networking.Internal.QueuedConnectionReceiver:ProcessReceivedPacket(Byte[], Int32&, Int32)
Alta.Networking.Internal.QueuedConnectionReceiver:ProcessExistingQueues()
Alta.Networking.Connection:ProcessExistingQueues()
Alta.Networking.Socket:UpdateReceive()
Alta.Networking.NetworkManager:Receive()
UpdateModule:IterateOverLinkedList(MethodNode)
UpdateModule:Update()
UnityUpdateManager:Update()

","","",""
"2022-01-29 19:26:09.7456","Error","UnhandledExceptions","Object reference not set to an instance of an object","Alta.Heat.HandShakeOffDetector.Request (UnityEngine.Object activator) (at <cd77c76437e84f6db820327afca49967>:0)
Alta.Heat.MovementHeatPoint.OnEnable () (at <cd77c76437e84f6db820327afca49967>:0)
UnityEngine.Object:Instantiate(NetworkPrefab)
Alta.Networking.SpawnManager:SpawnLocal(UInt32, NetworkEntityLink, UInt32[], TransformSave)
Alta.Networking.ClientSpawnManager:SpawnAsClient(UInt32, UInt32, UInt32[], TransformSave, NetworkEntity&)
Alta.Networking.SpawnMessage:Serialize(Connection, Stream)
Alta.Networking.Internal.MessageProcessor:HandleMessage(Connection, Stream, MessageType)
Alta.Networking.Internal.MessageProcessor:ProcessSingleMessageFromData(Connection, Byte[], Int32)
Alta.Networking.Internal.QueuedConnectionReceiver:ProcessReceivedPacket(Byte[], Int32&, Int32)
Alta.Networking.Internal.QueuedConnectionReceiver:ProcessExistingQueues()
Alta.Networking.Connection:ProcessExistingQueues()
Alta.Networking.Socket:UpdateReceive()
Alta.Networking.NetworkManager:Receive()
UpdateModule:IterateOverLinkedList(MethodNode)
UpdateModule:Update()
UnityUpdateManager:Update()

","","",""
"2022-01-29 19:26:09.7456","Error","UnhandledExceptions","Object reference not set to an instance of an object","Alta.Heat.HandShakeOffDetector.Request (UnityEngine.Object activator) (at <cd77c76437e84f6db820327afca49967>:0)
Alta.Heat.MovementHeatPoint.OnEnable () (at <cd77c76437e84f6db820327afca49967>:0)
UnityEngine.Object:Instantiate(NetworkPrefab)
Alta.Networking.SpawnManager:SpawnLocal(UInt32, NetworkEntityLink, UInt32[], TransformSave)
Alta.Networking.ClientSpawnManager:SpawnAsClient(UInt32, UInt32, UInt32[], TransformSave, NetworkEntity&)
Alta.Networking.SpawnMessage:Serialize(Connection, Stream)
Alta.Networking.Internal.MessageProcessor:HandleMessage(Connection, Stream, MessageType)
Alta.Networking.Internal.MessageProcessor:ProcessSingleMessageFromData(Connection, Byte[], Int32)
Alta.Networking.Internal.QueuedConnectionReceiver:ProcessReceivedPacket(Byte[], Int32&, Int32)
Alta.Networking.Internal.QueuedConnectionReceiver:ProcessExistingQueues()
Alta.Networking.Connection:ProcessExistingQueues()
Alta.Networking.Socket:UpdateReceive()
Alta.Networking.NetworkManager:Receive()
UpdateModule:IterateOverLinkedList(MethodNode)
UpdateModule:Update()
UnityUpdateManager:Update()

","","",""
"2022-01-29 19:26:09.7456","Error","UnhandledExceptions","Object reference not set to an instance of an object","Alta.Heat.HandShakeOffDetector.Request (UnityEngine.Object activator) (at <cd77c76437e84f6db820327afca49967>:0)
Alta.Heat.MovementHeatPoint.OnEnable () (at <cd77c76437e84f6db820327afca49967>:0)
UnityEngine.Object:Instantiate(NetworkPrefab)
Alta.Networking.SpawnManager:SpawnLocal(UInt32, NetworkEntityLink, UInt32[], TransformSave)
Alta.Networking.ClientSpawnManager:SpawnAsClient(UInt32, UInt32, UInt32[], TransformSave, NetworkEntity&)
Alta.Networking.SpawnMessage:Serialize(Connection, Stream)
Alta.Networking.Internal.MessageProcessor:HandleMessage(Connection, Stream, MessageType)
Alta.Networking.Internal.MessageProcessor:ProcessSingleMessageFromData(Connection, Byte[], Int32)
Alta.Networking.Internal.QueuedConnectionReceiver:ProcessReceivedPacket(Byte[], Int32&, Int32)
Alta.Networking.Internal.QueuedConnectionReceiver:ProcessExistingQueues()
Alta.Networking.Connection:ProcessExistingQueues()
Alta.Networking.Socket:UpdateReceive()
Alta.Networking.NetworkManager:Receive()
UpdateModule:IterateOverLinkedList(MethodNode)
UpdateModule:Update()
UnityUpdateManager:Update()

","","",""
"2022-01-29 19:26:09.7501","Error","UnhandledExceptions","Object reference not set to an instance of an object","Alta.Heat.HandShakeOffDetector.Request (UnityEngine.Object activator) (at <cd77c76437e84f6db820327afca49967>:0)
Alta.Heat.MovementHeatPoint.OnEnable () (at <cd77c76437e84f6db820327afca49967>:0)
UnityEngine.Object:Instantiate(NetworkPrefab)
Alta.Networking.SpawnManager:SpawnLocal(UInt32, NetworkEntityLink, UInt32[], TransformSave)
Alta.Networking.ClientSpawnManager:SpawnAsClient(UInt32, UInt32, UInt32[], TransformSave, NetworkEntity&)
Alta.Networking.SpawnMessage:Serialize(Connection, Stream)
Alta.Networking.Internal.MessageProcessor:HandleMessage(Connection, Stream, MessageType)
Alta.Networking.Internal.MessageProcessor:ProcessSingleMessageFromData(Connection, Byte[], Int32)
Alta.Networking.Internal.QueuedConnectionReceiver:ProcessReceivedPacket(Byte[], Int32&, Int32)
Alta.Networking.Internal.QueuedConnectionReceiver:ProcessExistingQueues()
Alta.Networking.Connection:ProcessExistingQueues()
Alta.Networking.Socket:UpdateReceive()
Alta.Networking.NetworkManager:Receive()
UpdateModule:IterateOverLinkedList(MethodNode)
UpdateModule:Update()
UnityUpdateManager:Update()

","","",""
"2022-01-29 19:26:09.7501","Error","UnhandledExceptions","Object reference not set to an instance of an object","Alta.Heat.HandShakeOffDetector.Request (UnityEngine.Object activator) (at <cd77c76437e84f6db820327afca49967>:0)
Alta.Heat.MovementHeatPoint.OnEnable () (at <cd77c76437e84f6db820327afca49967>:0)
UnityEngine.Object:Instantiate(NetworkPrefab)
Alta.Networking.SpawnManager:SpawnLocal(UInt32, NetworkEntityLink, UInt32[], TransformSave)
Alta.Networking.ClientSpawnManager:SpawnAsClient(UInt32, UInt32, UInt32[], TransformSave, NetworkEntity&)
Alta.Networking.SpawnMessage:Serialize(Connection, Stream)
Alta.Networking.Internal.MessageProcessor:HandleMessage(Connection, Stream, MessageType)
Alta.Networking.Internal.MessageProcessor:ProcessSingleMessageFromData(Connection, Byte[], Int32)
Alta.Networking.Internal.QueuedConnectionReceiver:ProcessReceivedPacket(Byte[], Int32&, Int32)
Alta.Networking.Internal.QueuedConnectionReceiver:ProcessExistingQueues()
Alta.Networking.Connection:ProcessExistingQueues()
Alta.Networking.Socket:UpdateReceive()
Alta.Networking.NetworkManager:Receive()
UpdateModule:IterateOverLinkedList(MethodNode)
UpdateModule:Update()
UnityUpdateManager:Update()

","","",""
